[debug] [2026-01-13T18:49:30.305Z] Object "" in "firebase.json" has unknown property: {"additionalProperty":"flutter"}
[error] Failed to fetch Firebase Project from Studio Workspace because WORKSPACE_SLUG environment variable is empty
[debug] [2026-01-13T18:49:30.316Z] Object "" in "firebase.json" has unknown property: {"additionalProperty":"flutter"}
[error] Failed to fetch Firebase Project from Studio Workspace because WORKSPACE_SLUG environment variable is empty
[debug] [2026-01-13T18:49:30.318Z] Object "" in "firebase.json" has unknown property: {"additionalProperty":"flutter"}
[error] Failed to fetch Firebase Project from Studio Workspace because WORKSPACE_SLUG environment variable is empty
[debug] [2026-01-13T18:49:30.320Z] Object "" in "firebase.json" has unknown property: {"additionalProperty":"flutter"}
[error] Failed to fetch Firebase Project from Studio Workspace because WORKSPACE_SLUG environment variable is empty
[debug] [2026-01-13T18:49:30.322Z] > command requires scopes: ["email","openid","https://www.googleapis.com/auth/cloudplatformprojects.readonly","https://www.googleapis.com/auth/firebase","https://www.googleapis.com/auth/cloud-platform","https://www.googleapis.com/auth/userinfo.email"]
[debug] [2026-01-13T18:49:30.324Z] > command requires scopes: ["email","openid","https://www.googleapis.com/auth/cloudplatformprojects.readonly","https://www.googleapis.com/auth/firebase","https://www.googleapis.com/auth/cloud-platform","https://www.googleapis.com/auth/userinfo.email"]
[debug] [2026-01-13T18:49:32.540Z] No OAuth tokens found
[debug] [2026-01-13T18:49:32.541Z] No OAuth tokens found
[debug] [2026-01-13T18:49:32.541Z] > command requires scopes: ["email","openid","https://www.googleapis.com/auth/cloudplatformprojects.readonly","https://www.googleapis.com/auth/firebase","https://www.googleapis.com/auth/cloud-platform","https://www.googleapis.com/auth/userinfo.email"]
[debug] [2026-01-13T18:49:32.542Z] No OAuth tokens found
[debug] [2026-01-13T18:49:32.542Z] No OAuth tokens found
[debug] [2026-01-13T18:49:32.542Z] > command requires scopes: ["email","openid","https://www.googleapis.com/auth/cloudplatformprojects.readonly","https://www.googleapis.com/auth/firebase","https://www.googleapis.com/auth/cloud-platform","https://www.googleapis.com/auth/userinfo.email"]
[debug] [2026-01-13T22:24:47.351Z] Object "" in "firebase.json" has unknown property: {"additionalProperty":"flutter"}
[error] Failed to fetch Firebase Project from Studio Workspace because WORKSPACE_SLUG environment variable is empty
[debug] [2026-01-13T22:24:47.356Z] Object "" in "firebase.json" has unknown property: {"additionalProperty":"flutter"}
[error] Failed to fetch Firebase Project from Studio Workspace because WORKSPACE_SLUG environment variable is empty
[debug] [2026-01-13T22:24:47.357Z] > command requires scopes: ["email","openid","https://www.googleapis.com/auth/cloudplatformprojects.readonly","https://www.googleapis.com/auth/firebase","https://www.googleapis.com/auth/cloud-platform","https://www.googleapis.com/auth/userinfo.email"]
[debug] [2026-01-13T22:24:47.369Z] Object "" in "firebase.json" has unknown property: {"additionalProperty":"flutter"}
[error] Failed to fetch Firebase Project from Studio Workspace because WORKSPACE_SLUG environment variable is empty
[debug] [2026-01-13T22:24:47.370Z] Object "" in "firebase.json" has unknown property: {"additionalProperty":"flutter"}
[error] Failed to fetch Firebase Project from Studio Workspace because WORKSPACE_SLUG environment variable is empty
[debug] [2026-01-13T22:24:47.371Z] > command requires scopes: ["email","openid","https://www.googleapis.com/auth/cloudplatformprojects.readonly","https://www.googleapis.com/auth/firebase","https://www.googleapis.com/auth/cloud-platform","https://www.googleapis.com/auth/userinfo.email"]
[debug] [2026-01-13T22:24:58.236Z] Running auto auth
[debug] [2026-01-13T22:24:58.237Z] Running auto auth
[debug] [2026-01-13T22:24:58.256Z] No OAuth tokens found
[debug] [2026-01-13T22:24:58.258Z] >>> [apiv2][query] GET https://cloudbilling.googleapis.com/v1/projects/areuwfo-tracker/billingInfo [none]
[debug] [2026-01-13T22:24:58.287Z] No OAuth tokens found
[debug] [2026-01-13T22:24:58.287Z] >>> [apiv2][query] GET https://cloudbilling.googleapis.com/v1/projects/areuwfo-tracker/billingInfo [none]
[debug] [2026-01-13T22:24:59.392Z] <<< [apiv2][status] GET https://cloudbilling.googleapis.com/v1/projects/areuwfo-tracker/billingInfo 200
[debug] [2026-01-13T22:24:59.393Z] <<< [apiv2][body] GET https://cloudbilling.googleapis.com/v1/projects/areuwfo-tracker/billingInfo {"name":"projects/areuwfo-tracker/billingInfo","projectId":"areuwfo-tracker","billingAccountName":"","billingEnabled":false}
[debug] [2026-01-13T22:24:59.394Z] Object "" in "firebase.json" has unknown property: {"additionalProperty":"flutter"}
[debug] [2026-01-13T22:24:59.401Z] No OAuth tokens found
[debug] [2026-01-13T22:24:59.401Z] No OAuth tokens found
[debug] [2026-01-13T22:24:59.402Z] No OAuth tokens found
[debug] [2026-01-13T22:24:59.402Z] No OAuth tokens found
[debug] [2026-01-13T22:24:59.403Z] No OAuth tokens found
[debug] [2026-01-13T22:24:59.403Z] No OAuth tokens found
[debug] [2026-01-13T22:24:59.403Z] No OAuth tokens found
[debug] [2026-01-13T22:24:59.418Z] No OAuth tokens found
[debug] [2026-01-13T22:24:59.418Z] No OAuth tokens found
[debug] [2026-01-13T22:24:59.419Z] >>> [apiv2][query] GET https://serviceusage.googleapis.com/v1/projects/areuwfo-tracker/services/firestore.googleapis.com [none]
[debug] [2026-01-13T22:24:59.419Z] >>> [apiv2][(partial)header] GET https://serviceusage.googleapis.com/v1/projects/areuwfo-tracker/services/firestore.googleapis.com x-goog-quota-user=projects/areuwfo-tracker
[debug] [2026-01-13T22:24:59.420Z] >>> [apiv2][query] GET https://serviceusage.googleapis.com/v1/projects/areuwfo-tracker/services/storage.googleapis.com [none]
[debug] [2026-01-13T22:24:59.420Z] >>> [apiv2][(partial)header] GET https://serviceusage.googleapis.com/v1/projects/areuwfo-tracker/services/storage.googleapis.com x-goog-quota-user=projects/areuwfo-tracker
[debug] [2026-01-13T22:24:59.421Z] >>> [apiv2][query] GET https://serviceusage.googleapis.com/v1/projects/areuwfo-tracker/services/firebasedataconnect.googleapis.com [none]
[debug] [2026-01-13T22:24:59.421Z] >>> [apiv2][(partial)header] GET https://serviceusage.googleapis.com/v1/projects/areuwfo-tracker/services/firebasedataconnect.googleapis.com x-goog-quota-user=projects/areuwfo-tracker
[debug] [2026-01-13T22:24:59.423Z] >>> [apiv2][query] GET https://serviceusage.googleapis.com/v1/projects/areuwfo-tracker/services/identitytoolkit.googleapis.com [none]
[debug] [2026-01-13T22:24:59.423Z] >>> [apiv2][(partial)header] GET https://serviceusage.googleapis.com/v1/projects/areuwfo-tracker/services/identitytoolkit.googleapis.com x-goog-quota-user=projects/areuwfo-tracker
[debug] [2026-01-13T22:24:59.424Z] >>> [apiv2][query] GET https://serviceusage.googleapis.com/v1/projects/areuwfo-tracker/services/fcm.googleapis.com [none]
[debug] [2026-01-13T22:24:59.424Z] >>> [apiv2][(partial)header] GET https://serviceusage.googleapis.com/v1/projects/areuwfo-tracker/services/fcm.googleapis.com x-goog-quota-user=projects/areuwfo-tracker
[debug] [2026-01-13T22:24:59.425Z] >>> [apiv2][query] GET https://serviceusage.googleapis.com/v1/projects/areuwfo-tracker/services/cloudfunctions.googleapis.com [none]
[debug] [2026-01-13T22:24:59.425Z] >>> [apiv2][(partial)header] GET https://serviceusage.googleapis.com/v1/projects/areuwfo-tracker/services/cloudfunctions.googleapis.com x-goog-quota-user=projects/areuwfo-tracker
[debug] [2026-01-13T22:24:59.427Z] >>> [apiv2][query] GET https://serviceusage.googleapis.com/v1/projects/areuwfo-tracker/services/firebaseremoteconfig.googleapis.com [none]
[debug] [2026-01-13T22:24:59.427Z] >>> [apiv2][(partial)header] GET https://serviceusage.googleapis.com/v1/projects/areuwfo-tracker/services/firebaseremoteconfig.googleapis.com x-goog-quota-user=projects/areuwfo-tracker
[debug] [2026-01-13T22:24:59.428Z] >>> [apiv2][query] GET https://serviceusage.googleapis.com/v1/projects/areuwfo-tracker/services/firebaseapphosting.googleapis.com [none]
[debug] [2026-01-13T22:24:59.428Z] >>> [apiv2][(partial)header] GET https://serviceusage.googleapis.com/v1/projects/areuwfo-tracker/services/firebaseapphosting.googleapis.com x-goog-quota-user=projects/areuwfo-tracker
[debug] [2026-01-13T22:24:59.429Z] >>> [apiv2][query] GET https://serviceusage.googleapis.com/v1/projects/areuwfo-tracker/services/firebaseio.com [none]
[debug] [2026-01-13T22:24:59.429Z] >>> [apiv2][(partial)header] GET https://serviceusage.googleapis.com/v1/projects/areuwfo-tracker/services/firebaseio.com x-goog-quota-user=projects/areuwfo-tracker
[debug] [2026-01-13T22:24:59.521Z] No OAuth tokens found
[debug] [2026-01-13T22:24:59.522Z] >>> [apiv2][query] GET https://serviceusage.googleapis.com/v1/projects/areuwfo-tracker/services/firebaseappdistribution.googleapis.com [none]
[debug] [2026-01-13T22:24:59.522Z] >>> [apiv2][(partial)header] GET https://serviceusage.googleapis.com/v1/projects/areuwfo-tracker/services/firebaseappdistribution.googleapis.com x-goog-quota-user=projects/areuwfo-tracker
[debug] [2026-01-13T22:24:59.529Z] <<< [apiv2][status] GET https://cloudbilling.googleapis.com/v1/projects/areuwfo-tracker/billingInfo 200
[debug] [2026-01-13T22:24:59.529Z] <<< [apiv2][body] GET https://cloudbilling.googleapis.com/v1/projects/areuwfo-tracker/billingInfo {"name":"projects/areuwfo-tracker/billingInfo","projectId":"areuwfo-tracker","billingAccountName":"","billingEnabled":false}
[debug] [2026-01-13T22:24:59.529Z] Object "" in "firebase.json" has unknown property: {"additionalProperty":"flutter"}
[debug] [2026-01-13T22:24:59.530Z] No OAuth tokens found
[debug] [2026-01-13T22:24:59.531Z] No OAuth tokens found
[debug] [2026-01-13T22:24:59.531Z] No OAuth tokens found
[debug] [2026-01-13T22:24:59.531Z] No OAuth tokens found
[debug] [2026-01-13T22:24:59.531Z] No OAuth tokens found
[debug] [2026-01-13T22:24:59.531Z] No OAuth tokens found
[debug] [2026-01-13T22:24:59.532Z] No OAuth tokens found
[debug] [2026-01-13T22:24:59.536Z] No OAuth tokens found
[debug] [2026-01-13T22:24:59.536Z] No OAuth tokens found
[debug] [2026-01-13T22:24:59.536Z] >>> [apiv2][query] GET https://serviceusage.googleapis.com/v1/projects/areuwfo-tracker/services/firestore.googleapis.com [none]
[debug] [2026-01-13T22:24:59.536Z] >>> [apiv2][(partial)header] GET https://serviceusage.googleapis.com/v1/projects/areuwfo-tracker/services/firestore.googleapis.com x-goog-quota-user=projects/areuwfo-tracker
[debug] [2026-01-13T22:24:59.537Z] >>> [apiv2][query] GET https://serviceusage.googleapis.com/v1/projects/areuwfo-tracker/services/storage.googleapis.com [none]
[debug] [2026-01-13T22:24:59.538Z] >>> [apiv2][(partial)header] GET https://serviceusage.googleapis.com/v1/projects/areuwfo-tracker/services/storage.googleapis.com x-goog-quota-user=projects/areuwfo-tracker
[debug] [2026-01-13T22:24:59.539Z] >>> [apiv2][query] GET https://serviceusage.googleapis.com/v1/projects/areuwfo-tracker/services/firebasedataconnect.googleapis.com [none]
[debug] [2026-01-13T22:24:59.539Z] >>> [apiv2][(partial)header] GET https://serviceusage.googleapis.com/v1/projects/areuwfo-tracker/services/firebasedataconnect.googleapis.com x-goog-quota-user=projects/areuwfo-tracker
[debug] [2026-01-13T22:24:59.540Z] >>> [apiv2][query] GET https://serviceusage.googleapis.com/v1/projects/areuwfo-tracker/services/identitytoolkit.googleapis.com [none]
[debug] [2026-01-13T22:24:59.540Z] >>> [apiv2][(partial)header] GET https://serviceusage.googleapis.com/v1/projects/areuwfo-tracker/services/identitytoolkit.googleapis.com x-goog-quota-user=projects/areuwfo-tracker
[debug] [2026-01-13T22:24:59.541Z] >>> [apiv2][query] GET https://serviceusage.googleapis.com/v1/projects/areuwfo-tracker/services/fcm.googleapis.com [none]
[debug] [2026-01-13T22:24:59.541Z] >>> [apiv2][(partial)header] GET https://serviceusage.googleapis.com/v1/projects/areuwfo-tracker/services/fcm.googleapis.com x-goog-quota-user=projects/areuwfo-tracker
[debug] [2026-01-13T22:24:59.542Z] >>> [apiv2][query] GET https://serviceusage.googleapis.com/v1/projects/areuwfo-tracker/services/cloudfunctions.googleapis.com [none]
[debug] [2026-01-13T22:24:59.542Z] >>> [apiv2][(partial)header] GET https://serviceusage.googleapis.com/v1/projects/areuwfo-tracker/services/cloudfunctions.googleapis.com x-goog-quota-user=projects/areuwfo-tracker
[debug] [2026-01-13T22:24:59.543Z] >>> [apiv2][query] GET https://serviceusage.googleapis.com/v1/projects/areuwfo-tracker/services/firebaseremoteconfig.googleapis.com [none]
[debug] [2026-01-13T22:24:59.543Z] >>> [apiv2][(partial)header] GET https://serviceusage.googleapis.com/v1/projects/areuwfo-tracker/services/firebaseremoteconfig.googleapis.com x-goog-quota-user=projects/areuwfo-tracker
[debug] [2026-01-13T22:24:59.544Z] >>> [apiv2][query] GET https://serviceusage.googleapis.com/v1/projects/areuwfo-tracker/services/firebaseapphosting.googleapis.com [none]
[debug] [2026-01-13T22:24:59.544Z] >>> [apiv2][(partial)header] GET https://serviceusage.googleapis.com/v1/projects/areuwfo-tracker/services/firebaseapphosting.googleapis.com x-goog-quota-user=projects/areuwfo-tracker
[debug] [2026-01-13T22:24:59.544Z] >>> [apiv2][query] GET https://serviceusage.googleapis.com/v1/projects/areuwfo-tracker/services/firebaseio.com [none]
[debug] [2026-01-13T22:24:59.545Z] >>> [apiv2][(partial)header] GET https://serviceusage.googleapis.com/v1/projects/areuwfo-tracker/services/firebaseio.com x-goog-quota-user=projects/areuwfo-tracker
[debug] [2026-01-13T22:24:59.666Z] No OAuth tokens found
[debug] [2026-01-13T22:24:59.667Z] >>> [apiv2][query] GET https://serviceusage.googleapis.com/v1/projects/areuwfo-tracker/services/firebaseappdistribution.googleapis.com [none]
[debug] [2026-01-13T22:24:59.667Z] >>> [apiv2][(partial)header] GET https://serviceusage.googleapis.com/v1/projects/areuwfo-tracker/services/firebaseappdistribution.googleapis.com x-goog-quota-user=projects/areuwfo-tracker
[debug] [2026-01-13T22:25:00.438Z] <<< [apiv2][status] GET https://serviceusage.googleapis.com/v1/projects/areuwfo-tracker/services/firebaseio.com 403
[debug] [2026-01-13T22:25:00.439Z] <<< [apiv2][body] GET https://serviceusage.googleapis.com/v1/projects/areuwfo-tracker/services/firebaseio.com [omitted]
[debug] [2026-01-13T22:25:00.457Z] <<< [apiv2][status] GET https://serviceusage.googleapis.com/v1/projects/areuwfo-tracker/services/cloudfunctions.googleapis.com 200
[debug] [2026-01-13T22:25:00.457Z] <<< [apiv2][body] GET https://serviceusage.googleapis.com/v1/projects/areuwfo-tracker/services/cloudfunctions.googleapis.com [omitted]
[debug] [2026-01-13T22:25:00.464Z] <<< [apiv2][status] GET https://serviceusage.googleapis.com/v1/projects/areuwfo-tracker/services/fcm.googleapis.com 200
[debug] [2026-01-13T22:25:00.465Z] <<< [apiv2][body] GET https://serviceusage.googleapis.com/v1/projects/areuwfo-tracker/services/fcm.googleapis.com [omitted]
[debug] [2026-01-13T22:25:00.472Z] <<< [apiv2][status] GET https://serviceusage.googleapis.com/v1/projects/areuwfo-tracker/services/firebasedataconnect.googleapis.com 200
[debug] [2026-01-13T22:25:00.472Z] <<< [apiv2][body] GET https://serviceusage.googleapis.com/v1/projects/areuwfo-tracker/services/firebasedataconnect.googleapis.com [omitted]
[debug] [2026-01-13T22:25:00.484Z] <<< [apiv2][status] GET https://serviceusage.googleapis.com/v1/projects/areuwfo-tracker/services/identitytoolkit.googleapis.com 200
[debug] [2026-01-13T22:25:00.484Z] <<< [apiv2][body] GET https://serviceusage.googleapis.com/v1/projects/areuwfo-tracker/services/identitytoolkit.googleapis.com [omitted]
[debug] [2026-01-13T22:25:00.492Z] <<< [apiv2][status] GET https://serviceusage.googleapis.com/v1/projects/areuwfo-tracker/services/firestore.googleapis.com 200
[debug] [2026-01-13T22:25:00.492Z] <<< [apiv2][body] GET https://serviceusage.googleapis.com/v1/projects/areuwfo-tracker/services/firestore.googleapis.com [omitted]
[debug] [2026-01-13T22:25:00.493Z] <<< [apiv2][status] GET https://serviceusage.googleapis.com/v1/projects/areuwfo-tracker/services/firebaseremoteconfig.googleapis.com 200
[debug] [2026-01-13T22:25:00.493Z] <<< [apiv2][body] GET https://serviceusage.googleapis.com/v1/projects/areuwfo-tracker/services/firebaseremoteconfig.googleapis.com [omitted]
[debug] [2026-01-13T22:25:00.498Z] <<< [apiv2][status] GET https://serviceusage.googleapis.com/v1/projects/areuwfo-tracker/services/firebaseapphosting.googleapis.com 200
[debug] [2026-01-13T22:25:00.498Z] <<< [apiv2][body] GET https://serviceusage.googleapis.com/v1/projects/areuwfo-tracker/services/firebaseapphosting.googleapis.com [omitted]
[debug] [2026-01-13T22:25:00.504Z] <<< [apiv2][status] GET https://serviceusage.googleapis.com/v1/projects/areuwfo-tracker/services/storage.googleapis.com 200
[debug] [2026-01-13T22:25:00.504Z] <<< [apiv2][body] GET https://serviceusage.googleapis.com/v1/projects/areuwfo-tracker/services/storage.googleapis.com [omitted]
[debug] [2026-01-13T22:25:00.558Z] <<< [apiv2][status] GET https://serviceusage.googleapis.com/v1/projects/areuwfo-tracker/services/firebaseio.com 403
[debug] [2026-01-13T22:25:00.558Z] <<< [apiv2][body] GET https://serviceusage.googleapis.com/v1/projects/areuwfo-tracker/services/firebaseio.com [omitted]
[debug] [2026-01-13T22:25:00.559Z] <<< [apiv2][status] GET https://serviceusage.googleapis.com/v1/projects/areuwfo-tracker/services/firebaseappdistribution.googleapis.com 200
[debug] [2026-01-13T22:25:00.559Z] <<< [apiv2][body] GET https://serviceusage.googleapis.com/v1/projects/areuwfo-tracker/services/firebaseappdistribution.googleapis.com [omitted]
[debug] [2026-01-13T22:25:00.571Z] <<< [apiv2][status] GET https://serviceusage.googleapis.com/v1/projects/areuwfo-tracker/services/storage.googleapis.com 200
[debug] [2026-01-13T22:25:00.571Z] <<< [apiv2][body] GET https://serviceusage.googleapis.com/v1/projects/areuwfo-tracker/services/storage.googleapis.com [omitted]
[debug] [2026-01-13T22:25:00.577Z] <<< [apiv2][status] GET https://serviceusage.googleapis.com/v1/projects/areuwfo-tracker/services/identitytoolkit.googleapis.com 200
[debug] [2026-01-13T22:25:00.577Z] <<< [apiv2][body] GET https://serviceusage.googleapis.com/v1/projects/areuwfo-tracker/services/identitytoolkit.googleapis.com [omitted]
[debug] [2026-01-13T22:25:00.587Z] <<< [apiv2][status] GET https://serviceusage.googleapis.com/v1/projects/areuwfo-tracker/services/firebaseapphosting.googleapis.com 200
[debug] [2026-01-13T22:25:00.587Z] <<< [apiv2][body] GET https://serviceusage.googleapis.com/v1/projects/areuwfo-tracker/services/firebaseapphosting.googleapis.com [omitted]
[debug] [2026-01-13T22:25:00.593Z] <<< [apiv2][status] GET https://serviceusage.googleapis.com/v1/projects/areuwfo-tracker/services/firestore.googleapis.com 200
[debug] [2026-01-13T22:25:00.593Z] <<< [apiv2][body] GET https://serviceusage.googleapis.com/v1/projects/areuwfo-tracker/services/firestore.googleapis.com [omitted]
[debug] [2026-01-13T22:25:00.597Z] <<< [apiv2][status] GET https://serviceusage.googleapis.com/v1/projects/areuwfo-tracker/services/cloudfunctions.googleapis.com 200
[debug] [2026-01-13T22:25:00.597Z] <<< [apiv2][body] GET https://serviceusage.googleapis.com/v1/projects/areuwfo-tracker/services/cloudfunctions.googleapis.com [omitted]
[debug] [2026-01-13T22:25:00.609Z] <<< [apiv2][status] GET https://serviceusage.googleapis.com/v1/projects/areuwfo-tracker/services/firebaseremoteconfig.googleapis.com 200
[debug] [2026-01-13T22:25:00.609Z] <<< [apiv2][body] GET https://serviceusage.googleapis.com/v1/projects/areuwfo-tracker/services/firebaseremoteconfig.googleapis.com [omitted]
[debug] [2026-01-13T22:25:00.614Z] <<< [apiv2][status] GET https://serviceusage.googleapis.com/v1/projects/areuwfo-tracker/services/firebasedataconnect.googleapis.com 200
[debug] [2026-01-13T22:25:00.614Z] <<< [apiv2][body] GET https://serviceusage.googleapis.com/v1/projects/areuwfo-tracker/services/firebasedataconnect.googleapis.com [omitted]
[debug] [2026-01-13T22:25:00.616Z] <<< [apiv2][status] GET https://serviceusage.googleapis.com/v1/projects/areuwfo-tracker/services/fcm.googleapis.com 200
[debug] [2026-01-13T22:25:00.616Z] <<< [apiv2][body] GET https://serviceusage.googleapis.com/v1/projects/areuwfo-tracker/services/fcm.googleapis.com [omitted]
[debug] [2026-01-13T22:25:00.680Z] <<< [apiv2][status] GET https://serviceusage.googleapis.com/v1/projects/areuwfo-tracker/services/firebaseappdistribution.googleapis.com 200
[debug] [2026-01-13T22:25:00.680Z] <<< [apiv2][body] GET https://serviceusage.googleapis.com/v1/projects/areuwfo-tracker/services/firebaseappdistribution.googleapis.com [omitted]
[debug] [2026-01-13T22:25:00.685Z] Object "" in "firebase.json" has unknown property: {"additionalProperty":"flutter"}
[error] Failed to fetch Firebase Project from Studio Workspace because WORKSPACE_SLUG environment variable is empty
[debug] [2026-01-13T22:25:00.686Z] Object "" in "firebase.json" has unknown property: {"additionalProperty":"flutter"}
[error] Failed to fetch Firebase Project from Studio Workspace because WORKSPACE_SLUG environment variable is empty
[debug] [2026-01-13T22:25:00.687Z] Object "" in "firebase.json" has unknown property: {"additionalProperty":"flutter"}
[error] Failed to fetch Firebase Project from Studio Workspace because WORKSPACE_SLUG environment variable is empty
[debug] [2026-01-13T22:25:00.688Z] > command requires scopes: ["email","openid","https://www.googleapis.com/auth/cloudplatformprojects.readonly","https://www.googleapis.com/auth/firebase","https://www.googleapis.com/auth/cloud-platform","https://www.googleapis.com/auth/userinfo.email"]
[debug] [2026-01-13T22:25:00.688Z] > authorizing via signed-in user (sharathsd63@gmail.com)
[debug] [2026-01-13T22:25:00.688Z] No OAuth tokens found
[debug] [2026-01-13T22:25:00.688Z] >>> [apiv2][query] GET https://cloudbilling.googleapis.com/v1/projects/areuwfo-tracker/billingInfo [none]
[debug] [2026-01-13T22:25:01.721Z] <<< [apiv2][status] GET https://cloudbilling.googleapis.com/v1/projects/areuwfo-tracker/billingInfo 200
[debug] [2026-01-13T22:25:01.721Z] <<< [apiv2][body] GET https://cloudbilling.googleapis.com/v1/projects/areuwfo-tracker/billingInfo {"name":"projects/areuwfo-tracker/billingInfo","projectId":"areuwfo-tracker","billingAccountName":"","billingEnabled":false}
[debug] [2026-01-13T22:25:01.721Z] Object "" in "firebase.json" has unknown property: {"additionalProperty":"flutter"}
[debug] [2026-01-13T22:25:01.938Z] Object "" in "firebase.json" has unknown property: {"additionalProperty":"flutter"}
[error] Failed to fetch Firebase Project from Studio Workspace because WORKSPACE_SLUG environment variable is empty
[debug] [2026-01-13T22:25:01.939Z] > command requires scopes: ["email","openid","https://www.googleapis.com/auth/cloudplatformprojects.readonly","https://www.googleapis.com/auth/firebase","https://www.googleapis.com/auth/cloud-platform","https://www.googleapis.com/auth/userinfo.email"]
[debug] [2026-01-13T22:25:01.939Z] > authorizing via signed-in user (sharathsd63@gmail.com)
[debug] [2026-01-13T22:25:01.947Z] Object "" in "firebase.json" has unknown property: {"additionalProperty":"flutter"}
[error] Failed to fetch Firebase Project from Studio Workspace because WORKSPACE_SLUG environment variable is empty
[debug] [2026-01-13T22:25:01.948Z] Object "" in "firebase.json" has unknown property: {"additionalProperty":"flutter"}
[error] Failed to fetch Firebase Project from Studio Workspace because WORKSPACE_SLUG environment variable is empty
[debug] [2026-01-13T22:25:01.949Z] Object "" in "firebase.json" has unknown property: {"additionalProperty":"flutter"}
[error] Failed to fetch Firebase Project from Studio Workspace because WORKSPACE_SLUG environment variable is empty
[debug] [2026-01-13T22:25:01.950Z] > command requires scopes: ["email","openid","https://www.googleapis.com/auth/cloudplatformprojects.readonly","https://www.googleapis.com/auth/firebase","https://www.googleapis.com/auth/cloud-platform","https://www.googleapis.com/auth/userinfo.email"]
[debug] [2026-01-13T22:25:01.950Z] > authorizing via signed-in user (sharathsd63@gmail.com)
[debug] [2026-01-13T22:25:01.950Z] No OAuth tokens found
[debug] [2026-01-13T22:25:01.950Z] >>> [apiv2][query] GET https://cloudbilling.googleapis.com/v1/projects/areuwfo-tracker/billingInfo [none]
[debug] [2026-01-13T22:25:01.952Z] Object "" in "firebase.json" has unknown property: {"additionalProperty":"flutter"}
[error] Failed to fetch Firebase Project from Studio Workspace because WORKSPACE_SLUG environment variable is empty
[debug] [2026-01-13T22:25:01.953Z] Object "" in "firebase.json" has unknown property: {"additionalProperty":"flutter"}
[error] Failed to fetch Firebase Project from Studio Workspace because WORKSPACE_SLUG environment variable is empty
[debug] [2026-01-13T22:25:01.954Z] Object "" in "firebase.json" has unknown property: {"additionalProperty":"flutter"}
[error] Failed to fetch Firebase Project from Studio Workspace because WORKSPACE_SLUG environment variable is empty
[debug] [2026-01-13T22:25:01.954Z] > command requires scopes: ["email","openid","https://www.googleapis.com/auth/cloudplatformprojects.readonly","https://www.googleapis.com/auth/firebase","https://www.googleapis.com/auth/cloud-platform","https://www.googleapis.com/auth/userinfo.email"]
[debug] [2026-01-13T22:25:01.954Z] > authorizing via signed-in user (sharathsd63@gmail.com)
[debug] [2026-01-13T22:25:01.954Z] No OAuth tokens found
[debug] [2026-01-13T22:25:01.955Z] >>> [apiv2][query] GET https://cloudbilling.googleapis.com/v1/projects/areuwfo-tracker/billingInfo [none]
[debug] [2026-01-13T22:25:02.956Z] <<< [apiv2][status] GET https://cloudbilling.googleapis.com/v1/projects/areuwfo-tracker/billingInfo 200
[debug] [2026-01-13T22:25:02.956Z] <<< [apiv2][body] GET https://cloudbilling.googleapis.com/v1/projects/areuwfo-tracker/billingInfo {"name":"projects/areuwfo-tracker/billingInfo","projectId":"areuwfo-tracker","billingAccountName":"","billingEnabled":false}
[debug] [2026-01-13T22:25:02.956Z] Object "" in "firebase.json" has unknown property: {"additionalProperty":"flutter"}
[debug] [2026-01-13T22:25:02.979Z] <<< [apiv2][status] GET https://cloudbilling.googleapis.com/v1/projects/areuwfo-tracker/billingInfo 200
[debug] [2026-01-13T22:25:02.979Z] <<< [apiv2][body] GET https://cloudbilling.googleapis.com/v1/projects/areuwfo-tracker/billingInfo {"name":"projects/areuwfo-tracker/billingInfo","projectId":"areuwfo-tracker","billingAccountName":"","billingEnabled":false}
[debug] [2026-01-13T22:25:02.979Z] Object "" in "firebase.json" has unknown property: {"additionalProperty":"flutter"}
[debug] [2026-01-13T22:25:03.061Z] Object "" in "firebase.json" has unknown property: {"additionalProperty":"flutter"}
[error] Failed to fetch Firebase Project from Studio Workspace because WORKSPACE_SLUG environment variable is empty
[debug] [2026-01-13T22:25:03.062Z] > command requires scopes: ["email","openid","https://www.googleapis.com/auth/cloudplatformprojects.readonly","https://www.googleapis.com/auth/firebase","https://www.googleapis.com/auth/cloud-platform","https://www.googleapis.com/auth/userinfo.email"]
[debug] [2026-01-13T22:25:03.062Z] > authorizing via signed-in user (sharathsd63@gmail.com)
[debug] [2026-01-13T22:25:03.214Z] Object "" in "firebase.json" has unknown property: {"additionalProperty":"flutter"}
[error] Failed to fetch Firebase Project from Studio Workspace because WORKSPACE_SLUG environment variable is empty
[debug] [2026-01-13T22:25:03.215Z] > command requires scopes: ["email","openid","https://www.googleapis.com/auth/cloudplatformprojects.readonly","https://www.googleapis.com/auth/firebase","https://www.googleapis.com/auth/cloud-platform","https://www.googleapis.com/auth/userinfo.email"]
[debug] [2026-01-13T22:25:03.215Z] > authorizing via signed-in user (sharathsd63@gmail.com)
[debug] [2026-01-13T22:28:20.748Z] Object "" in "firebase.json" has unknown property: {"additionalProperty":"flutter"}
[error] Failed to fetch Firebase Project from Studio Workspace because WORKSPACE_SLUG environment variable is empty
[debug] [2026-01-13T22:28:20.754Z] Object "" in "firebase.json" has unknown property: {"additionalProperty":"flutter"}
[error] Failed to fetch Firebase Project from Studio Workspace because WORKSPACE_SLUG environment variable is empty
[debug] [2026-01-13T22:28:20.755Z] > command requires scopes: ["email","openid","https://www.googleapis.com/auth/cloudplatformprojects.readonly","https://www.googleapis.com/auth/firebase","https://www.googleapis.com/auth/cloud-platform","https://www.googleapis.com/auth/userinfo.email"]
[debug] [2026-01-13T22:28:20.756Z] > authorizing via signed-in user (sharathsd63@gmail.com)
[debug] [2026-01-13T22:28:20.757Z] No OAuth tokens found
[debug] [2026-01-13T22:28:20.758Z] No OAuth tokens found
[debug] [2026-01-13T22:28:20.758Z] > command requires scopes: ["email","openid","https://www.googleapis.com/auth/cloudplatformprojects.readonly","https://www.googleapis.com/auth/firebase","https://www.googleapis.com/auth/cloud-platform","https://www.googleapis.com/auth/userinfo.email"]
[debug] [2026-01-13T22:28:20.758Z] > authorizing via signed-in user (sharathsd63@gmail.com)
[debug] [2026-01-13T22:28:20.760Z] >>> [apiv2][query] GET https://cloudbilling.googleapis.com/v1/projects/areuwfo-tracker/billingInfo [none]
[debug] [2026-01-13T22:28:20.784Z] Object "" in "firebase.json" has unknown property: {"additionalProperty":"flutter"}
[error] Failed to fetch Firebase Project from Studio Workspace because WORKSPACE_SLUG environment variable is empty
[debug] [2026-01-13T22:28:20.784Z] Object "" in "firebase.json" has unknown property: {"additionalProperty":"flutter"}
[error] Failed to fetch Firebase Project from Studio Workspace because WORKSPACE_SLUG environment variable is empty
[debug] [2026-01-13T22:28:20.785Z] > command requires scopes: ["email","openid","https://www.googleapis.com/auth/cloudplatformprojects.readonly","https://www.googleapis.com/auth/firebase","https://www.googleapis.com/auth/cloud-platform","https://www.googleapis.com/auth/userinfo.email"]
[debug] [2026-01-13T22:28:20.785Z] > authorizing via signed-in user (sharathsd63@gmail.com)
[debug] [2026-01-13T22:28:20.785Z] No OAuth tokens found
[debug] [2026-01-13T22:28:20.786Z] No OAuth tokens found
[debug] [2026-01-13T22:28:20.786Z] > command requires scopes: ["email","openid","https://www.googleapis.com/auth/cloudplatformprojects.readonly","https://www.googleapis.com/auth/firebase","https://www.googleapis.com/auth/cloud-platform","https://www.googleapis.com/auth/userinfo.email"]
[debug] [2026-01-13T22:28:20.786Z] > authorizing via signed-in user (sharathsd63@gmail.com)
[debug] [2026-01-13T22:28:20.786Z] >>> [apiv2][query] GET https://cloudbilling.googleapis.com/v1/projects/areuwfo-tracker/billingInfo [none]
[debug] [2026-01-13T22:28:21.780Z] <<< [apiv2][status] GET https://cloudbilling.googleapis.com/v1/projects/areuwfo-tracker/billingInfo 200
[debug] [2026-01-13T22:28:21.780Z] <<< [apiv2][body] GET https://cloudbilling.googleapis.com/v1/projects/areuwfo-tracker/billingInfo {"name":"projects/areuwfo-tracker/billingInfo","projectId":"areuwfo-tracker","billingAccountName":"","billingEnabled":false}
[debug] [2026-01-13T22:28:21.780Z] Object "" in "firebase.json" has unknown property: {"additionalProperty":"flutter"}
[debug] [2026-01-13T22:28:21.786Z] No OAuth tokens found
[debug] [2026-01-13T22:28:21.786Z] No OAuth tokens found
[debug] [2026-01-13T22:28:21.786Z] > command requires scopes: ["email","openid","https://www.googleapis.com/auth/cloudplatformprojects.readonly","https://www.googleapis.com/auth/firebase","https://www.googleapis.com/auth/cloud-platform","https://www.googleapis.com/auth/userinfo.email"]
[debug] [2026-01-13T22:28:21.786Z] > authorizing via signed-in user (sharathsd63@gmail.com)
[debug] [2026-01-13T22:28:21.787Z] No OAuth tokens found
[debug] [2026-01-13T22:28:21.787Z] No OAuth tokens found
[debug] [2026-01-13T22:28:21.787Z] > command requires scopes: ["email","openid","https://www.googleapis.com/auth/cloudplatformprojects.readonly","https://www.googleapis.com/auth/firebase","https://www.googleapis.com/auth/cloud-platform","https://www.googleapis.com/auth/userinfo.email"]
[debug] [2026-01-13T22:28:21.787Z] > authorizing via signed-in user (sharathsd63@gmail.com)
[debug] [2026-01-13T22:28:21.788Z] No OAuth tokens found
[debug] [2026-01-13T22:28:21.788Z] No OAuth tokens found
[debug] [2026-01-13T22:28:21.788Z] > command requires scopes: ["email","openid","https://www.googleapis.com/auth/cloudplatformprojects.readonly","https://www.googleapis.com/auth/firebase","https://www.googleapis.com/auth/cloud-platform","https://www.googleapis.com/auth/userinfo.email"]
[debug] [2026-01-13T22:28:21.788Z] > authorizing via signed-in user (sharathsd63@gmail.com)
[debug] [2026-01-13T22:28:21.802Z] No OAuth tokens found
[debug] [2026-01-13T22:28:21.802Z] No OAuth tokens found
[debug] [2026-01-13T22:28:21.802Z] > command requires scopes: ["email","openid","https://www.googleapis.com/auth/cloudplatformprojects.readonly","https://www.googleapis.com/auth/firebase","https://www.googleapis.com/auth/cloud-platform","https://www.googleapis.com/auth/userinfo.email"]
[debug] [2026-01-13T22:28:21.802Z] > authorizing via signed-in user (sharathsd63@gmail.com)
[debug] [2026-01-13T22:28:21.803Z] No OAuth tokens found
[debug] [2026-01-13T22:28:21.803Z] No OAuth tokens found
[debug] [2026-01-13T22:28:21.803Z] > command requires scopes: ["email","openid","https://www.googleapis.com/auth/cloudplatformprojects.readonly","https://www.googleapis.com/auth/firebase","https://www.googleapis.com/auth/cloud-platform","https://www.googleapis.com/auth/userinfo.email"]
[debug] [2026-01-13T22:28:21.803Z] > authorizing via signed-in user (sharathsd63@gmail.com)
[debug] [2026-01-13T22:28:21.803Z] >>> [apiv2][query] GET https://serviceusage.googleapis.com/v1/projects/areuwfo-tracker/services/firestore.googleapis.com [none]
[debug] [2026-01-13T22:28:21.803Z] >>> [apiv2][(partial)header] GET https://serviceusage.googleapis.com/v1/projects/areuwfo-tracker/services/firestore.googleapis.com x-goog-quota-user=projects/areuwfo-tracker
[debug] [2026-01-13T22:28:21.805Z] >>> [apiv2][query] GET https://serviceusage.googleapis.com/v1/projects/areuwfo-tracker/services/firebasedataconnect.googleapis.com [none]
[debug] [2026-01-13T22:28:21.805Z] >>> [apiv2][(partial)header] GET https://serviceusage.googleapis.com/v1/projects/areuwfo-tracker/services/firebasedataconnect.googleapis.com x-goog-quota-user=projects/areuwfo-tracker
[debug] [2026-01-13T22:28:21.806Z] >>> [apiv2][query] GET https://serviceusage.googleapis.com/v1/projects/areuwfo-tracker/services/cloudfunctions.googleapis.com [none]
[debug] [2026-01-13T22:28:21.806Z] >>> [apiv2][(partial)header] GET https://serviceusage.googleapis.com/v1/projects/areuwfo-tracker/services/cloudfunctions.googleapis.com x-goog-quota-user=projects/areuwfo-tracker
[debug] [2026-01-13T22:28:21.807Z] >>> [apiv2][query] GET https://serviceusage.googleapis.com/v1/projects/areuwfo-tracker/services/firebaseapphosting.googleapis.com [none]
[debug] [2026-01-13T22:28:21.807Z] >>> [apiv2][(partial)header] GET https://serviceusage.googleapis.com/v1/projects/areuwfo-tracker/services/firebaseapphosting.googleapis.com x-goog-quota-user=projects/areuwfo-tracker
[debug] [2026-01-13T22:28:21.808Z] >>> [apiv2][query] GET https://serviceusage.googleapis.com/v1/projects/areuwfo-tracker/services/firebaseio.com [none]
[debug] [2026-01-13T22:28:21.808Z] >>> [apiv2][(partial)header] GET https://serviceusage.googleapis.com/v1/projects/areuwfo-tracker/services/firebaseio.com x-goog-quota-user=projects/areuwfo-tracker
[debug] [2026-01-13T22:28:21.905Z] <<< [apiv2][status] GET https://cloudbilling.googleapis.com/v1/projects/areuwfo-tracker/billingInfo 200
[debug] [2026-01-13T22:28:21.905Z] <<< [apiv2][body] GET https://cloudbilling.googleapis.com/v1/projects/areuwfo-tracker/billingInfo {"name":"projects/areuwfo-tracker/billingInfo","projectId":"areuwfo-tracker","billingAccountName":"","billingEnabled":false}
[debug] [2026-01-13T22:28:21.905Z] Object "" in "firebase.json" has unknown property: {"additionalProperty":"flutter"}
[debug] [2026-01-13T22:28:21.906Z] No OAuth tokens found
[debug] [2026-01-13T22:28:21.906Z] No OAuth tokens found
[debug] [2026-01-13T22:28:21.906Z] > command requires scopes: ["email","openid","https://www.googleapis.com/auth/cloudplatformprojects.readonly","https://www.googleapis.com/auth/firebase","https://www.googleapis.com/auth/cloud-platform","https://www.googleapis.com/auth/userinfo.email"]
[debug] [2026-01-13T22:28:21.907Z] > authorizing via signed-in user (sharathsd63@gmail.com)
[debug] [2026-01-13T22:28:21.907Z] No OAuth tokens found
[debug] [2026-01-13T22:28:21.907Z] No OAuth tokens found
[debug] [2026-01-13T22:28:21.907Z] > command requires scopes: ["email","openid","https://www.googleapis.com/auth/cloudplatformprojects.readonly","https://www.googleapis.com/auth/firebase","https://www.googleapis.com/auth/cloud-platform","https://www.googleapis.com/auth/userinfo.email"]
[debug] [2026-01-13T22:28:21.907Z] > authorizing via signed-in user (sharathsd63@gmail.com)
[debug] [2026-01-13T22:28:21.908Z] No OAuth tokens found
[debug] [2026-01-13T22:28:21.908Z] No OAuth tokens found
[debug] [2026-01-13T22:28:21.908Z] > command requires scopes: ["email","openid","https://www.googleapis.com/auth/cloudplatformprojects.readonly","https://www.googleapis.com/auth/firebase","https://www.googleapis.com/auth/cloud-platform","https://www.googleapis.com/auth/userinfo.email"]
[debug] [2026-01-13T22:28:21.908Z] > authorizing via signed-in user (sharathsd63@gmail.com)
[debug] [2026-01-13T22:28:21.912Z] No OAuth tokens found
[debug] [2026-01-13T22:28:21.912Z] No OAuth tokens found
[debug] [2026-01-13T22:28:21.912Z] > command requires scopes: ["email","openid","https://www.googleapis.com/auth/cloudplatformprojects.readonly","https://www.googleapis.com/auth/firebase","https://www.googleapis.com/auth/cloud-platform","https://www.googleapis.com/auth/userinfo.email"]
[debug] [2026-01-13T22:28:21.912Z] > authorizing via signed-in user (sharathsd63@gmail.com)
[debug] [2026-01-13T22:28:21.912Z] No OAuth tokens found
[debug] [2026-01-13T22:28:21.912Z] No OAuth tokens found
[debug] [2026-01-13T22:28:21.912Z] > command requires scopes: ["email","openid","https://www.googleapis.com/auth/cloudplatformprojects.readonly","https://www.googleapis.com/auth/firebase","https://www.googleapis.com/auth/cloud-platform","https://www.googleapis.com/auth/userinfo.email"]
[debug] [2026-01-13T22:28:21.913Z] > authorizing via signed-in user (sharathsd63@gmail.com)
[debug] [2026-01-13T22:28:21.913Z] >>> [apiv2][query] GET https://serviceusage.googleapis.com/v1/projects/areuwfo-tracker/services/firestore.googleapis.com [none]
[debug] [2026-01-13T22:28:21.913Z] >>> [apiv2][(partial)header] GET https://serviceusage.googleapis.com/v1/projects/areuwfo-tracker/services/firestore.googleapis.com x-goog-quota-user=projects/areuwfo-tracker
[debug] [2026-01-13T22:28:21.914Z] >>> [apiv2][query] GET https://serviceusage.googleapis.com/v1/projects/areuwfo-tracker/services/firebasedataconnect.googleapis.com [none]
[debug] [2026-01-13T22:28:21.915Z] >>> [apiv2][(partial)header] GET https://serviceusage.googleapis.com/v1/projects/areuwfo-tracker/services/firebasedataconnect.googleapis.com x-goog-quota-user=projects/areuwfo-tracker
[debug] [2026-01-13T22:28:21.916Z] >>> [apiv2][query] GET https://serviceusage.googleapis.com/v1/projects/areuwfo-tracker/services/cloudfunctions.googleapis.com [none]
[debug] [2026-01-13T22:28:21.916Z] >>> [apiv2][(partial)header] GET https://serviceusage.googleapis.com/v1/projects/areuwfo-tracker/services/cloudfunctions.googleapis.com x-goog-quota-user=projects/areuwfo-tracker
[debug] [2026-01-13T22:28:21.917Z] >>> [apiv2][query] GET https://serviceusage.googleapis.com/v1/projects/areuwfo-tracker/services/firebaseapphosting.googleapis.com [none]
[debug] [2026-01-13T22:28:21.918Z] >>> [apiv2][(partial)header] GET https://serviceusage.googleapis.com/v1/projects/areuwfo-tracker/services/firebaseapphosting.googleapis.com x-goog-quota-user=projects/areuwfo-tracker
[debug] [2026-01-13T22:28:21.919Z] >>> [apiv2][query] GET https://serviceusage.googleapis.com/v1/projects/areuwfo-tracker/services/firebaseio.com [none]
[debug] [2026-01-13T22:28:21.919Z] >>> [apiv2][(partial)header] GET https://serviceusage.googleapis.com/v1/projects/areuwfo-tracker/services/firebaseio.com x-goog-quota-user=projects/areuwfo-tracker
[debug] [2026-01-13T22:28:22.834Z] <<< [apiv2][status] GET https://serviceusage.googleapis.com/v1/projects/areuwfo-tracker/services/firebaseio.com 403
[debug] [2026-01-13T22:28:22.834Z] <<< [apiv2][body] GET https://serviceusage.googleapis.com/v1/projects/areuwfo-tracker/services/firebaseio.com [omitted]
[debug] [2026-01-13T22:28:22.839Z] <<< [apiv2][status] GET https://serviceusage.googleapis.com/v1/projects/areuwfo-tracker/services/firebaseapphosting.googleapis.com 200
[debug] [2026-01-13T22:28:22.839Z] <<< [apiv2][body] GET https://serviceusage.googleapis.com/v1/projects/areuwfo-tracker/services/firebaseapphosting.googleapis.com [omitted]
[debug] [2026-01-13T22:28:22.852Z] <<< [apiv2][status] GET https://serviceusage.googleapis.com/v1/projects/areuwfo-tracker/services/firestore.googleapis.com 200
[debug] [2026-01-13T22:28:22.853Z] <<< [apiv2][body] GET https://serviceusage.googleapis.com/v1/projects/areuwfo-tracker/services/firestore.googleapis.com [omitted]
[debug] [2026-01-13T22:28:22.853Z] <<< [apiv2][status] GET https://serviceusage.googleapis.com/v1/projects/areuwfo-tracker/services/firebasedataconnect.googleapis.com 200
[debug] [2026-01-13T22:28:22.853Z] <<< [apiv2][body] GET https://serviceusage.googleapis.com/v1/projects/areuwfo-tracker/services/firebasedataconnect.googleapis.com [omitted]
[debug] [2026-01-13T22:28:22.904Z] <<< [apiv2][status] GET https://serviceusage.googleapis.com/v1/projects/areuwfo-tracker/services/cloudfunctions.googleapis.com 200
[debug] [2026-01-13T22:28:22.904Z] <<< [apiv2][body] GET https://serviceusage.googleapis.com/v1/projects/areuwfo-tracker/services/cloudfunctions.googleapis.com [omitted]
[debug] [2026-01-13T22:28:22.920Z] <<< [apiv2][status] GET https://serviceusage.googleapis.com/v1/projects/areuwfo-tracker/services/firebaseio.com 403
[debug] [2026-01-13T22:28:22.920Z] <<< [apiv2][body] GET https://serviceusage.googleapis.com/v1/projects/areuwfo-tracker/services/firebaseio.com [omitted]
[debug] [2026-01-13T22:28:22.926Z] <<< [apiv2][status] GET https://serviceusage.googleapis.com/v1/projects/areuwfo-tracker/services/cloudfunctions.googleapis.com 200
[debug] [2026-01-13T22:28:22.926Z] <<< [apiv2][body] GET https://serviceusage.googleapis.com/v1/projects/areuwfo-tracker/services/cloudfunctions.googleapis.com [omitted]
[debug] [2026-01-13T22:28:22.936Z] <<< [apiv2][status] GET https://serviceusage.googleapis.com/v1/projects/areuwfo-tracker/services/firebaseapphosting.googleapis.com 200
[debug] [2026-01-13T22:28:22.936Z] <<< [apiv2][body] GET https://serviceusage.googleapis.com/v1/projects/areuwfo-tracker/services/firebaseapphosting.googleapis.com [omitted]
[debug] [2026-01-13T22:28:22.957Z] <<< [apiv2][status] GET https://serviceusage.googleapis.com/v1/projects/areuwfo-tracker/services/firestore.googleapis.com 200
[debug] [2026-01-13T22:28:22.957Z] <<< [apiv2][body] GET https://serviceusage.googleapis.com/v1/projects/areuwfo-tracker/services/firestore.googleapis.com [omitted]
[debug] [2026-01-13T22:28:22.970Z] <<< [apiv2][status] GET https://serviceusage.googleapis.com/v1/projects/areuwfo-tracker/services/firebasedataconnect.googleapis.com 200
[debug] [2026-01-13T22:28:22.970Z] <<< [apiv2][body] GET https://serviceusage.googleapis.com/v1/projects/areuwfo-tracker/services/firebasedataconnect.googleapis.com [omitted]
[debug] [2026-01-13T22:28:22.971Z] Object "" in "firebase.json" has unknown property: {"additionalProperty":"flutter"}
[error] Failed to fetch Firebase Project from Studio Workspace because WORKSPACE_SLUG environment variable is empty
[debug] [2026-01-13T22:28:22.972Z] Object "" in "firebase.json" has unknown property: {"additionalProperty":"flutter"}
[error] Failed to fetch Firebase Project from Studio Workspace because WORKSPACE_SLUG environment variable is empty
[debug] [2026-01-13T22:28:22.972Z] Object "" in "firebase.json" has unknown property: {"additionalProperty":"flutter"}
[error] Failed to fetch Firebase Project from Studio Workspace because WORKSPACE_SLUG environment variable is empty
[debug] [2026-01-13T22:28:22.973Z] > command requires scopes: ["email","openid","https://www.googleapis.com/auth/cloudplatformprojects.readonly","https://www.googleapis.com/auth/firebase","https://www.googleapis.com/auth/cloud-platform","https://www.googleapis.com/auth/userinfo.email"]
[debug] [2026-01-13T22:28:22.973Z] > authorizing via signed-in user (sharathsd63@gmail.com)
[debug] [2026-01-13T22:28:22.973Z] No OAuth tokens found
[debug] [2026-01-13T22:28:22.973Z] No OAuth tokens found
[debug] [2026-01-13T22:28:22.973Z] > command requires scopes: ["email","openid","https://www.googleapis.com/auth/cloudplatformprojects.readonly","https://www.googleapis.com/auth/firebase","https://www.googleapis.com/auth/cloud-platform","https://www.googleapis.com/auth/userinfo.email"]
[debug] [2026-01-13T22:28:22.974Z] > authorizing via signed-in user (sharathsd63@gmail.com)
[debug] [2026-01-13T22:28:22.974Z] >>> [apiv2][query] GET https://cloudbilling.googleapis.com/v1/projects/areuwfo-tracker/billingInfo [none]
[debug] [2026-01-13T22:28:23.959Z] <<< [apiv2][status] GET https://cloudbilling.googleapis.com/v1/projects/areuwfo-tracker/billingInfo 200
[debug] [2026-01-13T22:28:23.960Z] <<< [apiv2][body] GET https://cloudbilling.googleapis.com/v1/projects/areuwfo-tracker/billingInfo {"name":"projects/areuwfo-tracker/billingInfo","projectId":"areuwfo-tracker","billingAccountName":"","billingEnabled":false}
[debug] [2026-01-13T22:28:23.960Z] Object "" in "firebase.json" has unknown property: {"additionalProperty":"flutter"}
[debug] [2026-01-13T22:28:24.158Z] Object "" in "firebase.json" has unknown property: {"additionalProperty":"flutter"}
[error] Failed to fetch Firebase Project from Studio Workspace because WORKSPACE_SLUG environment variable is empty
[debug] [2026-01-13T22:28:24.159Z] > command requires scopes: ["email","openid","https://www.googleapis.com/auth/cloudplatformprojects.readonly","https://www.googleapis.com/auth/firebase","https://www.googleapis.com/auth/cloud-platform","https://www.googleapis.com/auth/userinfo.email"]
[debug] [2026-01-13T22:28:24.159Z] > authorizing via signed-in user (sharathsd63@gmail.com)
[debug] [2026-01-13T22:28:24.169Z] Object "" in "firebase.json" has unknown property: {"additionalProperty":"flutter"}
[error] Failed to fetch Firebase Project from Studio Workspace because WORKSPACE_SLUG environment variable is empty
[debug] [2026-01-13T22:28:24.170Z] Object "" in "firebase.json" has unknown property: {"additionalProperty":"flutter"}
[error] Failed to fetch Firebase Project from Studio Workspace because WORKSPACE_SLUG environment variable is empty
[debug] [2026-01-13T22:28:24.171Z] Object "" in "firebase.json" has unknown property: {"additionalProperty":"flutter"}
[error] Failed to fetch Firebase Project from Studio Workspace because WORKSPACE_SLUG environment variable is empty
[debug] [2026-01-13T22:28:24.172Z] > command requires scopes: ["email","openid","https://www.googleapis.com/auth/cloudplatformprojects.readonly","https://www.googleapis.com/auth/firebase","https://www.googleapis.com/auth/cloud-platform","https://www.googleapis.com/auth/userinfo.email"]
[debug] [2026-01-13T22:28:24.172Z] > authorizing via signed-in user (sharathsd63@gmail.com)
[debug] [2026-01-13T22:28:24.172Z] No OAuth tokens found
[debug] [2026-01-13T22:28:24.172Z] No OAuth tokens found
[debug] [2026-01-13T22:28:24.172Z] > command requires scopes: ["email","openid","https://www.googleapis.com/auth/cloudplatformprojects.readonly","https://www.googleapis.com/auth/firebase","https://www.googleapis.com/auth/cloud-platform","https://www.googleapis.com/auth/userinfo.email"]
[debug] [2026-01-13T22:28:24.172Z] > authorizing via signed-in user (sharathsd63@gmail.com)
[debug] [2026-01-13T22:28:24.173Z] >>> [apiv2][query] GET https://cloudbilling.googleapis.com/v1/projects/areuwfo-tracker/billingInfo [none]
[debug] [2026-01-13T22:28:24.175Z] Object "" in "firebase.json" has unknown property: {"additionalProperty":"flutter"}
[error] Failed to fetch Firebase Project from Studio Workspace because WORKSPACE_SLUG environment variable is empty
[debug] [2026-01-13T22:28:24.176Z] Object "" in "firebase.json" has unknown property: {"additionalProperty":"flutter"}
[error] Failed to fetch Firebase Project from Studio Workspace because WORKSPACE_SLUG environment variable is empty
[debug] [2026-01-13T22:28:24.177Z] Object "" in "firebase.json" has unknown property: {"additionalProperty":"flutter"}
[error] Failed to fetch Firebase Project from Studio Workspace because WORKSPACE_SLUG environment variable is empty
[debug] [2026-01-13T22:28:24.177Z] > command requires scopes: ["email","openid","https://www.googleapis.com/auth/cloudplatformprojects.readonly","https://www.googleapis.com/auth/firebase","https://www.googleapis.com/auth/cloud-platform","https://www.googleapis.com/auth/userinfo.email"]
[debug] [2026-01-13T22:28:24.177Z] > authorizing via signed-in user (sharathsd63@gmail.com)
[debug] [2026-01-13T22:28:24.178Z] No OAuth tokens found
[debug] [2026-01-13T22:28:24.178Z] No OAuth tokens found
[debug] [2026-01-13T22:28:24.178Z] > command requires scopes: ["email","openid","https://www.googleapis.com/auth/cloudplatformprojects.readonly","https://www.googleapis.com/auth/firebase","https://www.googleapis.com/auth/cloud-platform","https://www.googleapis.com/auth/userinfo.email"]
[debug] [2026-01-13T22:28:24.178Z] > authorizing via signed-in user (sharathsd63@gmail.com)
[debug] [2026-01-13T22:28:24.178Z] >>> [apiv2][query] GET https://cloudbilling.googleapis.com/v1/projects/areuwfo-tracker/billingInfo [none]
[debug] [2026-01-13T22:28:24.545Z] <<< [apiv2][status] GET https://cloudbilling.googleapis.com/v1/projects/areuwfo-tracker/billingInfo 200
[debug] [2026-01-13T22:28:24.545Z] <<< [apiv2][body] GET https://cloudbilling.googleapis.com/v1/projects/areuwfo-tracker/billingInfo {"name":"projects/areuwfo-tracker/billingInfo","projectId":"areuwfo-tracker","billingAccountName":"","billingEnabled":false}
[debug] [2026-01-13T22:28:24.546Z] Object "" in "firebase.json" has unknown property: {"additionalProperty":"flutter"}
[debug] [2026-01-13T22:28:24.716Z] Object "" in "firebase.json" has unknown property: {"additionalProperty":"flutter"}
[error] Failed to fetch Firebase Project from Studio Workspace because WORKSPACE_SLUG environment variable is empty
[debug] [2026-01-13T22:28:24.717Z] > command requires scopes: ["email","openid","https://www.googleapis.com/auth/cloudplatformprojects.readonly","https://www.googleapis.com/auth/firebase","https://www.googleapis.com/auth/cloud-platform","https://www.googleapis.com/auth/userinfo.email"]
[debug] [2026-01-13T22:28:24.717Z] > authorizing via signed-in user (sharathsd63@gmail.com)
[debug] [2026-01-13T22:28:25.125Z] Object "" in "firebase.json" has unknown property: {"additionalProperty":"flutter"}
[error] Failed to fetch Firebase Project from Studio Workspace because WORKSPACE_SLUG environment variable is empty
[debug] [2026-01-13T22:28:25.126Z] Object "" in "firebase.json" has unknown property: {"additionalProperty":"flutter"}
[error] Failed to fetch Firebase Project from Studio Workspace because WORKSPACE_SLUG environment variable is empty
[debug] [2026-01-13T22:28:25.127Z] Object "" in "firebase.json" has unknown property: {"additionalProperty":"flutter"}
[error] Failed to fetch Firebase Project from Studio Workspace because WORKSPACE_SLUG environment variable is empty
[debug] [2026-01-13T22:28:25.128Z] Object "" in "firebase.json" has unknown property: {"additionalProperty":"flutter"}
[error] Failed to fetch Firebase Project from Studio Workspace because WORKSPACE_SLUG environment variable is empty
[debug] [2026-01-13T22:28:25.128Z] Object "" in "firebase.json" has unknown property: {"additionalProperty":"flutter"}
[error] Failed to fetch Firebase Project from Studio Workspace because WORKSPACE_SLUG environment variable is empty
[debug] [2026-01-13T22:28:25.129Z] Object "" in "firebase.json" has unknown property: {"additionalProperty":"flutter"}
[error] Failed to fetch Firebase Project from Studio Workspace because WORKSPACE_SLUG environment variable is empty
[debug] [2026-01-13T22:28:25.129Z] > command requires scopes: ["email","openid","https://www.googleapis.com/auth/cloudplatformprojects.readonly","https://www.googleapis.com/auth/firebase","https://www.googleapis.com/auth/cloud-platform","https://www.googleapis.com/auth/userinfo.email"]
[debug] [2026-01-13T22:28:25.129Z] > authorizing via signed-in user (sharathsd63@gmail.com)
[debug] [2026-01-13T22:28:25.129Z] > command requires scopes: ["email","openid","https://www.googleapis.com/auth/cloudplatformprojects.readonly","https://www.googleapis.com/auth/firebase","https://www.googleapis.com/auth/cloud-platform","https://www.googleapis.com/auth/userinfo.email"]
[debug] [2026-01-13T22:28:25.129Z] > authorizing via signed-in user (sharathsd63@gmail.com)
[debug] [2026-01-13T22:28:25.129Z] No OAuth tokens found
[debug] [2026-01-13T22:28:25.130Z] No OAuth tokens found
[debug] [2026-01-13T22:28:25.130Z] > command requires scopes: ["email","openid","https://www.googleapis.com/auth/cloudplatformprojects.readonly","https://www.googleapis.com/auth/firebase","https://www.googleapis.com/auth/cloud-platform","https://www.googleapis.com/auth/userinfo.email"]
[debug] [2026-01-13T22:28:25.130Z] > authorizing via signed-in user (sharathsd63@gmail.com)
[debug] [2026-01-13T22:28:25.130Z] No OAuth tokens found
[debug] [2026-01-13T22:28:25.130Z] No OAuth tokens found
[debug] [2026-01-13T22:28:25.130Z] > command requires scopes: ["email","openid","https://www.googleapis.com/auth/cloudplatformprojects.readonly","https://www.googleapis.com/auth/firebase","https://www.googleapis.com/auth/cloud-platform","https://www.googleapis.com/auth/userinfo.email"]
[debug] [2026-01-13T22:28:25.130Z] > authorizing via signed-in user (sharathsd63@gmail.com)
[debug] [2026-01-13T22:28:25.130Z] >>> [apiv2][query] GET https://cloudbilling.googleapis.com/v1/projects/areuwfo-tracker/billingInfo [none]
[debug] [2026-01-13T22:28:25.131Z] >>> [apiv2][query] GET https://cloudbilling.googleapis.com/v1/projects/areuwfo-tracker/billingInfo [none]
[debug] [2026-01-13T22:28:25.160Z] <<< [apiv2][status] GET https://cloudbilling.googleapis.com/v1/projects/areuwfo-tracker/billingInfo 200
[debug] [2026-01-13T22:28:25.160Z] <<< [apiv2][body] GET https://cloudbilling.googleapis.com/v1/projects/areuwfo-tracker/billingInfo {"name":"projects/areuwfo-tracker/billingInfo","projectId":"areuwfo-tracker","billingAccountName":"","billingEnabled":false}
[debug] [2026-01-13T22:28:25.161Z] Object "" in "firebase.json" has unknown property: {"additionalProperty":"flutter"}
[debug] [2026-01-13T22:28:25.184Z] Object "" in "firebase.json" has unknown property: {"additionalProperty":"flutter"}
[error] Failed to fetch Firebase Project from Studio Workspace because WORKSPACE_SLUG environment variable is empty
[debug] [2026-01-13T22:28:25.185Z] > command requires scopes: ["email","openid","https://www.googleapis.com/auth/cloudplatformprojects.readonly","https://www.googleapis.com/auth/firebase","https://www.googleapis.com/auth/cloud-platform","https://www.googleapis.com/auth/userinfo.email"]
[debug] [2026-01-13T22:28:25.185Z] > authorizing via signed-in user (sharathsd63@gmail.com)
[debug] [2026-01-13T22:28:25.497Z] <<< [apiv2][status] GET https://cloudbilling.googleapis.com/v1/projects/areuwfo-tracker/billingInfo 200
[debug] [2026-01-13T22:28:25.497Z] <<< [apiv2][body] GET https://cloudbilling.googleapis.com/v1/projects/areuwfo-tracker/billingInfo {"name":"projects/areuwfo-tracker/billingInfo","projectId":"areuwfo-tracker","billingAccountName":"","billingEnabled":false}
[debug] [2026-01-13T22:28:25.498Z] Object "" in "firebase.json" has unknown property: {"additionalProperty":"flutter"}
[debug] [2026-01-13T22:28:25.521Z] Object "" in "firebase.json" has unknown property: {"additionalProperty":"flutter"}
[error] Failed to fetch Firebase Project from Studio Workspace because WORKSPACE_SLUG environment variable is empty
[debug] [2026-01-13T22:28:25.521Z] > command requires scopes: ["email","openid","https://www.googleapis.com/auth/cloudplatformprojects.readonly","https://www.googleapis.com/auth/firebase","https://www.googleapis.com/auth/cloud-platform","https://www.googleapis.com/auth/userinfo.email"]
[debug] [2026-01-13T22:28:25.522Z] > authorizing via signed-in user (sharathsd63@gmail.com)
[debug] [2026-01-13T22:28:26.067Z] <<< [apiv2][status] GET https://cloudbilling.googleapis.com/v1/projects/areuwfo-tracker/billingInfo 200
[debug] [2026-01-13T22:28:26.067Z] <<< [apiv2][body] GET https://cloudbilling.googleapis.com/v1/projects/areuwfo-tracker/billingInfo {"name":"projects/areuwfo-tracker/billingInfo","projectId":"areuwfo-tracker","billingAccountName":"","billingEnabled":false}
[debug] [2026-01-13T22:28:26.067Z] Object "" in "firebase.json" has unknown property: {"additionalProperty":"flutter"}
[debug] [2026-01-13T22:28:26.235Z] Object "" in "firebase.json" has unknown property: {"additionalProperty":"flutter"}
[error] Failed to fetch Firebase Project from Studio Workspace because WORKSPACE_SLUG environment variable is empty
[debug] [2026-01-13T22:28:26.236Z] > command requires scopes: ["email","openid","https://www.googleapis.com/auth/cloudplatformprojects.readonly","https://www.googleapis.com/auth/firebase","https://www.googleapis.com/auth/cloud-platform","https://www.googleapis.com/auth/userinfo.email"]
[debug] [2026-01-13T22:28:26.236Z] > authorizing via signed-in user (sharathsd63@gmail.com)
[debug] [2026-01-16T20:01:05.243Z] Object "" in "firebase.json" has unknown property: {"additionalProperty":"flutter"}
[error] Failed to fetch Firebase Project from Studio Workspace because WORKSPACE_SLUG environment variable is empty
[debug] [2026-01-16T20:01:05.248Z] Object "" in "firebase.json" has unknown property: {"additionalProperty":"flutter"}
[error] Failed to fetch Firebase Project from Studio Workspace because WORKSPACE_SLUG environment variable is empty
[debug] [2026-01-16T20:01:05.249Z] Object "" in "firebase.json" has unknown property: {"additionalProperty":"flutter"}
[error] Failed to fetch Firebase Project from Studio Workspace because WORKSPACE_SLUG environment variable is empty
[debug] [2026-01-16T20:01:05.250Z] Object "" in "firebase.json" has unknown property: {"additionalProperty":"flutter"}
[error] Failed to fetch Firebase Project from Studio Workspace because WORKSPACE_SLUG environment variable is empty
[debug] [2026-01-16T20:01:05.252Z] > command requires scopes: ["email","openid","https://www.googleapis.com/auth/cloudplatformprojects.readonly","https://www.googleapis.com/auth/firebase","https://www.googleapis.com/auth/cloud-platform","https://www.googleapis.com/auth/userinfo.email"]
[debug] [2026-01-16T20:01:05.253Z] > command requires scopes: ["email","openid","https://www.googleapis.com/auth/cloudplatformprojects.readonly","https://www.googleapis.com/auth/firebase","https://www.googleapis.com/auth/cloud-platform","https://www.googleapis.com/auth/userinfo.email"]
[debug] [2026-01-16T20:01:07.461Z] No OAuth tokens found
[debug] [2026-01-16T20:01:07.462Z] No OAuth tokens found
[debug] [2026-01-16T20:01:07.462Z] > command requires scopes: ["email","openid","https://www.googleapis.com/auth/cloudplatformprojects.readonly","https://www.googleapis.com/auth/firebase","https://www.googleapis.com/auth/cloud-platform","https://www.googleapis.com/auth/userinfo.email"]
[debug] [2026-01-16T20:01:07.462Z] No OAuth tokens found
[debug] [2026-01-16T20:01:07.463Z] No OAuth tokens found
[debug] [2026-01-16T20:01:07.463Z] > command requires scopes: ["email","openid","https://www.googleapis.com/auth/cloudplatformprojects.readonly","https://www.googleapis.com/auth/firebase","https://www.googleapis.com/auth/cloud-platform","https://www.googleapis.com/auth/userinfo.email"]
[debug] [2026-01-16T21:01:50.025Z] Object "" in "firebase.json" has unknown property: {"additionalProperty":"flutter"}
[error] Failed to fetch Firebase Project from Studio Workspace because WORKSPACE_SLUG environment variable is empty
[debug] [2026-01-16T21:01:50.030Z] Object "" in "firebase.json" has unknown property: {"additionalProperty":"flutter"}
[error] Failed to fetch Firebase Project from Studio Workspace because WORKSPACE_SLUG environment variable is empty
[debug] [2026-01-16T21:01:50.031Z] Object "" in "firebase.json" has unknown property: {"additionalProperty":"flutter"}
[error] Failed to fetch Firebase Project from Studio Workspace because WORKSPACE_SLUG environment variable is empty
[debug] [2026-01-16T21:01:50.032Z] Object "" in "firebase.json" has unknown property: {"additionalProperty":"flutter"}
[error] Failed to fetch Firebase Project from Studio Workspace because WORKSPACE_SLUG environment variable is empty
[debug] [2026-01-16T21:01:50.033Z] > command requires scopes: ["email","openid","https://www.googleapis.com/auth/cloudplatformprojects.readonly","https://www.googleapis.com/auth/firebase","https://www.googleapis.com/auth/cloud-platform","https://www.googleapis.com/auth/userinfo.email"]
[debug] [2026-01-16T21:01:50.034Z] > command requires scopes: ["email","openid","https://www.googleapis.com/auth/cloudplatformprojects.readonly","https://www.googleapis.com/auth/firebase","https://www.googleapis.com/auth/cloud-platform","https://www.googleapis.com/auth/userinfo.email"]
[debug] [2026-01-16T21:01:57.910Z] Running auto auth
[debug] [2026-01-16T21:01:57.911Z] Running auto auth
[debug] [2026-01-16T21:01:57.930Z] No OAuth tokens found
[debug] [2026-01-16T21:01:57.932Z] >>> [apiv2][query] GET https://cloudbilling.googleapis.com/v1/projects/areuwfo-tracker/billingInfo [none]
[debug] [2026-01-16T21:01:57.956Z] No OAuth tokens found
[debug] [2026-01-16T21:01:57.957Z] >>> [apiv2][query] GET https://cloudbilling.googleapis.com/v1/projects/areuwfo-tracker/billingInfo [none]
[debug] [2026-01-16T21:01:59.055Z] <<< [apiv2][status] GET https://cloudbilling.googleapis.com/v1/projects/areuwfo-tracker/billingInfo 200
[debug] [2026-01-16T21:01:59.055Z] <<< [apiv2][body] GET https://cloudbilling.googleapis.com/v1/projects/areuwfo-tracker/billingInfo {"name":"projects/areuwfo-tracker/billingInfo","projectId":"areuwfo-tracker","billingAccountName":"","billingEnabled":false}
[debug] [2026-01-16T21:01:59.056Z] Object "" in "firebase.json" has unknown property: {"additionalProperty":"flutter"}
[debug] [2026-01-16T21:01:59.061Z] No OAuth tokens found
[debug] [2026-01-16T21:01:59.061Z] No OAuth tokens found
[debug] [2026-01-16T21:01:59.062Z] No OAuth tokens found
[debug] [2026-01-16T21:01:59.075Z] No OAuth tokens found
[debug] [2026-01-16T21:01:59.076Z] No OAuth tokens found
[debug] [2026-01-16T21:01:59.076Z] >>> [apiv2][query] GET https://serviceusage.googleapis.com/v1/projects/areuwfo-tracker/services/firestore.googleapis.com [none]
[debug] [2026-01-16T21:01:59.076Z] >>> [apiv2][(partial)header] GET https://serviceusage.googleapis.com/v1/projects/areuwfo-tracker/services/firestore.googleapis.com x-goog-quota-user=projects/areuwfo-tracker
[debug] [2026-01-16T21:01:59.077Z] >>> [apiv2][query] GET https://serviceusage.googleapis.com/v1/projects/areuwfo-tracker/services/firebasedataconnect.googleapis.com [none]
[debug] [2026-01-16T21:01:59.078Z] >>> [apiv2][(partial)header] GET https://serviceusage.googleapis.com/v1/projects/areuwfo-tracker/services/firebasedataconnect.googleapis.com x-goog-quota-user=projects/areuwfo-tracker
[debug] [2026-01-16T21:01:59.079Z] >>> [apiv2][query] GET https://serviceusage.googleapis.com/v1/projects/areuwfo-tracker/services/cloudfunctions.googleapis.com [none]
[debug] [2026-01-16T21:01:59.079Z] >>> [apiv2][(partial)header] GET https://serviceusage.googleapis.com/v1/projects/areuwfo-tracker/services/cloudfunctions.googleapis.com x-goog-quota-user=projects/areuwfo-tracker
[debug] [2026-01-16T21:01:59.080Z] >>> [apiv2][query] GET https://serviceusage.googleapis.com/v1/projects/areuwfo-tracker/services/firebaseapphosting.googleapis.com [none]
[debug] [2026-01-16T21:01:59.080Z] >>> [apiv2][(partial)header] GET https://serviceusage.googleapis.com/v1/projects/areuwfo-tracker/services/firebaseapphosting.googleapis.com x-goog-quota-user=projects/areuwfo-tracker
[debug] [2026-01-16T21:01:59.081Z] >>> [apiv2][query] GET https://serviceusage.googleapis.com/v1/projects/areuwfo-tracker/services/firebaseio.com [none]
[debug] [2026-01-16T21:01:59.081Z] >>> [apiv2][(partial)header] GET https://serviceusage.googleapis.com/v1/projects/areuwfo-tracker/services/firebaseio.com x-goog-quota-user=projects/areuwfo-tracker
[debug] [2026-01-16T21:01:59.182Z] <<< [apiv2][status] GET https://cloudbilling.googleapis.com/v1/projects/areuwfo-tracker/billingInfo 200
[debug] [2026-01-16T21:01:59.182Z] <<< [apiv2][body] GET https://cloudbilling.googleapis.com/v1/projects/areuwfo-tracker/billingInfo {"name":"projects/areuwfo-tracker/billingInfo","projectId":"areuwfo-tracker","billingAccountName":"","billingEnabled":false}
[debug] [2026-01-16T21:01:59.183Z] Object "" in "firebase.json" has unknown property: {"additionalProperty":"flutter"}
[debug] [2026-01-16T21:01:59.183Z] No OAuth tokens found
[debug] [2026-01-16T21:01:59.184Z] No OAuth tokens found
[debug] [2026-01-16T21:01:59.184Z] No OAuth tokens found
[debug] [2026-01-16T21:01:59.189Z] No OAuth tokens found
[debug] [2026-01-16T21:01:59.189Z] No OAuth tokens found
[debug] [2026-01-16T21:01:59.190Z] >>> [apiv2][query] GET https://serviceusage.googleapis.com/v1/projects/areuwfo-tracker/services/firestore.googleapis.com [none]
[debug] [2026-01-16T21:01:59.190Z] >>> [apiv2][(partial)header] GET https://serviceusage.googleapis.com/v1/projects/areuwfo-tracker/services/firestore.googleapis.com x-goog-quota-user=projects/areuwfo-tracker
[debug] [2026-01-16T21:01:59.192Z] >>> [apiv2][query] GET https://serviceusage.googleapis.com/v1/projects/areuwfo-tracker/services/firebasedataconnect.googleapis.com [none]
[debug] [2026-01-16T21:01:59.192Z] >>> [apiv2][(partial)header] GET https://serviceusage.googleapis.com/v1/projects/areuwfo-tracker/services/firebasedataconnect.googleapis.com x-goog-quota-user=projects/areuwfo-tracker
[debug] [2026-01-16T21:01:59.194Z] >>> [apiv2][query] GET https://serviceusage.googleapis.com/v1/projects/areuwfo-tracker/services/cloudfunctions.googleapis.com [none]
[debug] [2026-01-16T21:01:59.194Z] >>> [apiv2][(partial)header] GET https://serviceusage.googleapis.com/v1/projects/areuwfo-tracker/services/cloudfunctions.googleapis.com x-goog-quota-user=projects/areuwfo-tracker
[debug] [2026-01-16T21:01:59.195Z] >>> [apiv2][query] GET https://serviceusage.googleapis.com/v1/projects/areuwfo-tracker/services/firebaseapphosting.googleapis.com [none]
[debug] [2026-01-16T21:01:59.195Z] >>> [apiv2][(partial)header] GET https://serviceusage.googleapis.com/v1/projects/areuwfo-tracker/services/firebaseapphosting.googleapis.com x-goog-quota-user=projects/areuwfo-tracker
[debug] [2026-01-16T21:01:59.197Z] >>> [apiv2][query] GET https://serviceusage.googleapis.com/v1/projects/areuwfo-tracker/services/firebaseio.com [none]
[debug] [2026-01-16T21:01:59.197Z] >>> [apiv2][(partial)header] GET https://serviceusage.googleapis.com/v1/projects/areuwfo-tracker/services/firebaseio.com x-goog-quota-user=projects/areuwfo-tracker
[debug] [2026-01-16T21:02:00.127Z] <<< [apiv2][status] GET https://serviceusage.googleapis.com/v1/projects/areuwfo-tracker/services/cloudfunctions.googleapis.com 200
[debug] [2026-01-16T21:02:00.127Z] <<< [apiv2][body] GET https://serviceusage.googleapis.com/v1/projects/areuwfo-tracker/services/cloudfunctions.googleapis.com [omitted]
[debug] [2026-01-16T21:02:00.164Z] <<< [apiv2][status] GET https://serviceusage.googleapis.com/v1/projects/areuwfo-tracker/services/firestore.googleapis.com 200
[debug] [2026-01-16T21:02:00.164Z] <<< [apiv2][body] GET https://serviceusage.googleapis.com/v1/projects/areuwfo-tracker/services/firestore.googleapis.com [omitted]
[debug] [2026-01-16T21:02:00.180Z] <<< [apiv2][status] GET https://serviceusage.googleapis.com/v1/projects/areuwfo-tracker/services/firebaseapphosting.googleapis.com 200
[debug] [2026-01-16T21:02:00.180Z] <<< [apiv2][body] GET https://serviceusage.googleapis.com/v1/projects/areuwfo-tracker/services/firebaseapphosting.googleapis.com [omitted]
[debug] [2026-01-16T21:02:00.188Z] <<< [apiv2][status] GET https://serviceusage.googleapis.com/v1/projects/areuwfo-tracker/services/firebaseio.com 403
[debug] [2026-01-16T21:02:00.188Z] <<< [apiv2][body] GET https://serviceusage.googleapis.com/v1/projects/areuwfo-tracker/services/firebaseio.com [omitted]
[debug] [2026-01-16T21:02:00.200Z] <<< [apiv2][status] GET https://serviceusage.googleapis.com/v1/projects/areuwfo-tracker/services/firebasedataconnect.googleapis.com 200
[debug] [2026-01-16T21:02:00.200Z] <<< [apiv2][body] GET https://serviceusage.googleapis.com/v1/projects/areuwfo-tracker/services/firebasedataconnect.googleapis.com [omitted]
[debug] [2026-01-16T21:02:00.202Z] <<< [apiv2][status] GET https://serviceusage.googleapis.com/v1/projects/areuwfo-tracker/services/firebaseio.com 403
[debug] [2026-01-16T21:02:00.202Z] <<< [apiv2][body] GET https://serviceusage.googleapis.com/v1/projects/areuwfo-tracker/services/firebaseio.com [omitted]
[debug] [2026-01-16T21:02:00.228Z] <<< [apiv2][status] GET https://serviceusage.googleapis.com/v1/projects/areuwfo-tracker/services/firebasedataconnect.googleapis.com 200
[debug] [2026-01-16T21:02:00.228Z] <<< [apiv2][body] GET https://serviceusage.googleapis.com/v1/projects/areuwfo-tracker/services/firebasedataconnect.googleapis.com [omitted]
[debug] [2026-01-16T21:02:00.258Z] <<< [apiv2][status] GET https://serviceusage.googleapis.com/v1/projects/areuwfo-tracker/services/cloudfunctions.googleapis.com 200
[debug] [2026-01-16T21:02:00.258Z] <<< [apiv2][body] GET https://serviceusage.googleapis.com/v1/projects/areuwfo-tracker/services/cloudfunctions.googleapis.com [omitted]
[debug] [2026-01-16T21:02:00.271Z] <<< [apiv2][status] GET https://serviceusage.googleapis.com/v1/projects/areuwfo-tracker/services/firestore.googleapis.com 200
[debug] [2026-01-16T21:02:00.271Z] <<< [apiv2][body] GET https://serviceusage.googleapis.com/v1/projects/areuwfo-tracker/services/firestore.googleapis.com [omitted]
[debug] [2026-01-16T21:02:00.298Z] <<< [apiv2][status] GET https://serviceusage.googleapis.com/v1/projects/areuwfo-tracker/services/firebaseapphosting.googleapis.com 200
[debug] [2026-01-16T21:02:00.298Z] <<< [apiv2][body] GET https://serviceusage.googleapis.com/v1/projects/areuwfo-tracker/services/firebaseapphosting.googleapis.com [omitted]
[debug] [2026-01-16T21:02:00.298Z] Object "" in "firebase.json" has unknown property: {"additionalProperty":"flutter"}
[error] Failed to fetch Firebase Project from Studio Workspace because WORKSPACE_SLUG environment variable is empty
[debug] [2026-01-16T21:02:00.300Z] Object "" in "firebase.json" has unknown property: {"additionalProperty":"flutter"}
[error] Failed to fetch Firebase Project from Studio Workspace because WORKSPACE_SLUG environment variable is empty
[debug] [2026-01-16T21:02:00.301Z] Object "" in "firebase.json" has unknown property: {"additionalProperty":"flutter"}
[error] Failed to fetch Firebase Project from Studio Workspace because WORKSPACE_SLUG environment variable is empty
[debug] [2026-01-16T21:02:00.301Z] > command requires scopes: ["email","openid","https://www.googleapis.com/auth/cloudplatformprojects.readonly","https://www.googleapis.com/auth/firebase","https://www.googleapis.com/auth/cloud-platform","https://www.googleapis.com/auth/userinfo.email"]
[debug] [2026-01-16T21:02:00.302Z] > authorizing via signed-in user (sharathsd63@gmail.com)
[debug] [2026-01-16T21:02:00.302Z] No OAuth tokens found
[debug] [2026-01-16T21:02:00.302Z] >>> [apiv2][query] GET https://cloudbilling.googleapis.com/v1/projects/areuwfo-tracker/billingInfo [none]
[debug] [2026-01-16T21:02:00.539Z] <<< [apiv2][status] GET https://cloudbilling.googleapis.com/v1/projects/areuwfo-tracker/billingInfo 200
[debug] [2026-01-16T21:02:00.540Z] <<< [apiv2][body] GET https://cloudbilling.googleapis.com/v1/projects/areuwfo-tracker/billingInfo {"name":"projects/areuwfo-tracker/billingInfo","projectId":"areuwfo-tracker","billingAccountName":"","billingEnabled":false}
[debug] [2026-01-16T21:02:00.540Z] Object "" in "firebase.json" has unknown property: {"additionalProperty":"flutter"}
[debug] [2026-01-16T21:02:00.743Z] Object "" in "firebase.json" has unknown property: {"additionalProperty":"flutter"}
[error] Failed to fetch Firebase Project from Studio Workspace because WORKSPACE_SLUG environment variable is empty
[debug] [2026-01-16T21:02:00.744Z] > command requires scopes: ["email","openid","https://www.googleapis.com/auth/cloudplatformprojects.readonly","https://www.googleapis.com/auth/firebase","https://www.googleapis.com/auth/cloud-platform","https://www.googleapis.com/auth/userinfo.email"]
[debug] [2026-01-16T21:02:00.744Z] > authorizing via signed-in user (sharathsd63@gmail.com)
[debug] [2026-01-16T21:02:00.755Z] Object "" in "firebase.json" has unknown property: {"additionalProperty":"flutter"}
[error] Failed to fetch Firebase Project from Studio Workspace because WORKSPACE_SLUG environment variable is empty
[debug] [2026-01-16T21:02:00.756Z] Object "" in "firebase.json" has unknown property: {"additionalProperty":"flutter"}
[error] Failed to fetch Firebase Project from Studio Workspace because WORKSPACE_SLUG environment variable is empty
[debug] [2026-01-16T21:02:00.757Z] Object "" in "firebase.json" has unknown property: {"additionalProperty":"flutter"}
[error] Failed to fetch Firebase Project from Studio Workspace because WORKSPACE_SLUG environment variable is empty
[debug] [2026-01-16T21:02:00.758Z] > command requires scopes: ["email","openid","https://www.googleapis.com/auth/cloudplatformprojects.readonly","https://www.googleapis.com/auth/firebase","https://www.googleapis.com/auth/cloud-platform","https://www.googleapis.com/auth/userinfo.email"]
[debug] [2026-01-16T21:02:00.758Z] > authorizing via signed-in user (sharathsd63@gmail.com)
[debug] [2026-01-16T21:02:00.758Z] No OAuth tokens found
[debug] [2026-01-16T21:02:00.758Z] >>> [apiv2][query] GET https://cloudbilling.googleapis.com/v1/projects/areuwfo-tracker/billingInfo [none]
[debug] [2026-01-16T21:02:00.761Z] Object "" in "firebase.json" has unknown property: {"additionalProperty":"flutter"}
[error] Failed to fetch Firebase Project from Studio Workspace because WORKSPACE_SLUG environment variable is empty
[debug] [2026-01-16T21:02:00.762Z] Object "" in "firebase.json" has unknown property: {"additionalProperty":"flutter"}
[error] Failed to fetch Firebase Project from Studio Workspace because WORKSPACE_SLUG environment variable is empty
[debug] [2026-01-16T21:02:00.763Z] Object "" in "firebase.json" has unknown property: {"additionalProperty":"flutter"}
[error] Failed to fetch Firebase Project from Studio Workspace because WORKSPACE_SLUG environment variable is empty
[debug] [2026-01-16T21:02:00.763Z] > command requires scopes: ["email","openid","https://www.googleapis.com/auth/cloudplatformprojects.readonly","https://www.googleapis.com/auth/firebase","https://www.googleapis.com/auth/cloud-platform","https://www.googleapis.com/auth/userinfo.email"]
[debug] [2026-01-16T21:02:00.764Z] > authorizing via signed-in user (sharathsd63@gmail.com)
[debug] [2026-01-16T21:02:00.764Z] No OAuth tokens found
[debug] [2026-01-16T21:02:00.764Z] >>> [apiv2][query] GET https://cloudbilling.googleapis.com/v1/projects/areuwfo-tracker/billingInfo [none]
[debug] [2026-01-16T21:02:00.981Z] <<< [apiv2][status] GET https://cloudbilling.googleapis.com/v1/projects/areuwfo-tracker/billingInfo 200
[debug] [2026-01-16T21:02:00.982Z] <<< [apiv2][body] GET https://cloudbilling.googleapis.com/v1/projects/areuwfo-tracker/billingInfo {"name":"projects/areuwfo-tracker/billingInfo","projectId":"areuwfo-tracker","billingAccountName":"","billingEnabled":false}
[debug] [2026-01-16T21:02:00.982Z] Object "" in "firebase.json" has unknown property: {"additionalProperty":"flutter"}
[debug] [2026-01-16T21:02:01.007Z] Object "" in "firebase.json" has unknown property: {"additionalProperty":"flutter"}
[error] Failed to fetch Firebase Project from Studio Workspace because WORKSPACE_SLUG environment variable is empty
[debug] [2026-01-16T21:02:01.008Z] > command requires scopes: ["email","openid","https://www.googleapis.com/auth/cloudplatformprojects.readonly","https://www.googleapis.com/auth/firebase","https://www.googleapis.com/auth/cloud-platform","https://www.googleapis.com/auth/userinfo.email"]
[debug] [2026-01-16T21:02:01.008Z] > authorizing via signed-in user (sharathsd63@gmail.com)
[debug] [2026-01-16T21:02:01.011Z] <<< [apiv2][status] GET https://cloudbilling.googleapis.com/v1/projects/areuwfo-tracker/billingInfo 200
[debug] [2026-01-16T21:02:01.011Z] <<< [apiv2][body] GET https://cloudbilling.googleapis.com/v1/projects/areuwfo-tracker/billingInfo {"name":"projects/areuwfo-tracker/billingInfo","projectId":"areuwfo-tracker","billingAccountName":"","billingEnabled":false}
[debug] [2026-01-16T21:02:01.011Z] Object "" in "firebase.json" has unknown property: {"additionalProperty":"flutter"}
[debug] [2026-01-16T21:02:01.159Z] Object "" in "firebase.json" has unknown property: {"additionalProperty":"flutter"}
[error] Failed to fetch Firebase Project from Studio Workspace because WORKSPACE_SLUG environment variable is empty
[debug] [2026-01-16T21:02:01.159Z] > command requires scopes: ["email","openid","https://www.googleapis.com/auth/cloudplatformprojects.readonly","https://www.googleapis.com/auth/firebase","https://www.googleapis.com/auth/cloud-platform","https://www.googleapis.com/auth/userinfo.email"]
[debug] [2026-01-16T21:02:01.160Z] > authorizing via signed-in user (sharathsd63@gmail.com)
[debug] [2026-01-16T21:18:50.626Z] Object "" in "firebase.json" has unknown property: {"additionalProperty":"flutter"}
[error] Failed to fetch Firebase Project from Studio Workspace because WORKSPACE_SLUG environment variable is empty
[debug] [2026-01-16T21:18:50.630Z] Object "" in "firebase.json" has unknown property: {"additionalProperty":"flutter"}
[error] Failed to fetch Firebase Project from Studio Workspace because WORKSPACE_SLUG environment variable is empty
[debug] [2026-01-16T21:18:50.632Z] Object "" in "firebase.json" has unknown property: {"additionalProperty":"flutter"}
[error] Failed to fetch Firebase Project from Studio Workspace because WORKSPACE_SLUG environment variable is empty
[debug] [2026-01-16T21:18:50.633Z] Object "" in "firebase.json" has unknown property: {"additionalProperty":"flutter"}
[error] Failed to fetch Firebase Project from Studio Workspace because WORKSPACE_SLUG environment variable is empty
[debug] [2026-01-16T21:18:50.634Z] > command requires scopes: ["email","openid","https://www.googleapis.com/auth/cloudplatformprojects.readonly","https://www.googleapis.com/auth/firebase","https://www.googleapis.com/auth/cloud-platform","https://www.googleapis.com/auth/userinfo.email"]
[debug] [2026-01-16T21:18:50.634Z] > authorizing via signed-in user (sharathsd63@gmail.com)
[debug] [2026-01-16T21:18:50.635Z] No OAuth tokens found
[debug] [2026-01-16T21:18:50.635Z] No OAuth tokens found
[debug] [2026-01-16T21:18:50.636Z] > command requires scopes: ["email","openid","https://www.googleapis.com/auth/cloudplatformprojects.readonly","https://www.googleapis.com/auth/firebase","https://www.googleapis.com/auth/cloud-platform","https://www.googleapis.com/auth/userinfo.email"]
[debug] [2026-01-16T21:18:50.636Z] > authorizing via signed-in user (sharathsd63@gmail.com)
[debug] [2026-01-16T21:18:50.636Z] > command requires scopes: ["email","openid","https://www.googleapis.com/auth/cloudplatformprojects.readonly","https://www.googleapis.com/auth/firebase","https://www.googleapis.com/auth/cloud-platform","https://www.googleapis.com/auth/userinfo.email"]
[debug] [2026-01-16T21:18:50.636Z] > authorizing via signed-in user (sharathsd63@gmail.com)
[debug] [2026-01-16T21:18:50.637Z] No OAuth tokens found
[debug] [2026-01-16T21:18:50.637Z] No OAuth tokens found
[debug] [2026-01-16T21:18:50.637Z] > command requires scopes: ["email","openid","https://www.googleapis.com/auth/cloudplatformprojects.readonly","https://www.googleapis.com/auth/firebase","https://www.googleapis.com/auth/cloud-platform","https://www.googleapis.com/auth/userinfo.email"]
[debug] [2026-01-16T21:18:50.637Z] > authorizing via signed-in user (sharathsd63@gmail.com)
[debug] [2026-01-16T21:18:50.638Z] >>> [apiv2][query] GET https://cloudbilling.googleapis.com/v1/projects/areuwfo-tracker/billingInfo [none]
[debug] [2026-01-16T21:18:50.658Z] >>> [apiv2][query] GET https://cloudbilling.googleapis.com/v1/projects/areuwfo-tracker/billingInfo [none]
[debug] [2026-01-16T21:18:51.072Z] <<< [apiv2][status] GET https://cloudbilling.googleapis.com/v1/projects/areuwfo-tracker/billingInfo 200
[debug] [2026-01-16T21:18:51.072Z] <<< [apiv2][body] GET https://cloudbilling.googleapis.com/v1/projects/areuwfo-tracker/billingInfo {"name":"projects/areuwfo-tracker/billingInfo","projectId":"areuwfo-tracker","billingAccountName":"","billingEnabled":false}
[debug] [2026-01-16T21:18:51.073Z] Object "" in "firebase.json" has unknown property: {"additionalProperty":"flutter"}
[debug] [2026-01-16T21:18:51.079Z] No OAuth tokens found
[debug] [2026-01-16T21:18:51.079Z] No OAuth tokens found
[debug] [2026-01-16T21:18:51.079Z] > command requires scopes: ["email","openid","https://www.googleapis.com/auth/cloudplatformprojects.readonly","https://www.googleapis.com/auth/firebase","https://www.googleapis.com/auth/cloud-platform","https://www.googleapis.com/auth/userinfo.email"]
[debug] [2026-01-16T21:18:51.079Z] > authorizing via signed-in user (sharathsd63@gmail.com)
[debug] [2026-01-16T21:18:51.080Z] No OAuth tokens found
[debug] [2026-01-16T21:18:51.080Z] No OAuth tokens found
[debug] [2026-01-16T21:18:51.080Z] > command requires scopes: ["email","openid","https://www.googleapis.com/auth/cloudplatformprojects.readonly","https://www.googleapis.com/auth/firebase","https://www.googleapis.com/auth/cloud-platform","https://www.googleapis.com/auth/userinfo.email"]
[debug] [2026-01-16T21:18:51.080Z] > authorizing via signed-in user (sharathsd63@gmail.com)
[debug] [2026-01-16T21:18:51.081Z] No OAuth tokens found
[debug] [2026-01-16T21:18:51.081Z] No OAuth tokens found
[debug] [2026-01-16T21:18:51.081Z] > command requires scopes: ["email","openid","https://www.googleapis.com/auth/cloudplatformprojects.readonly","https://www.googleapis.com/auth/firebase","https://www.googleapis.com/auth/cloud-platform","https://www.googleapis.com/auth/userinfo.email"]
[debug] [2026-01-16T21:18:51.081Z] > authorizing via signed-in user (sharathsd63@gmail.com)
[debug] [2026-01-16T21:18:51.094Z] No OAuth tokens found
[debug] [2026-01-16T21:18:51.094Z] No OAuth tokens found
[debug] [2026-01-16T21:18:51.094Z] > command requires scopes: ["email","openid","https://www.googleapis.com/auth/cloudplatformprojects.readonly","https://www.googleapis.com/auth/firebase","https://www.googleapis.com/auth/cloud-platform","https://www.googleapis.com/auth/userinfo.email"]
[debug] [2026-01-16T21:18:51.094Z] > authorizing via signed-in user (sharathsd63@gmail.com)
[debug] [2026-01-16T21:18:51.094Z] No OAuth tokens found
[debug] [2026-01-16T21:18:51.095Z] No OAuth tokens found
[debug] [2026-01-16T21:18:51.095Z] > command requires scopes: ["email","openid","https://www.googleapis.com/auth/cloudplatformprojects.readonly","https://www.googleapis.com/auth/firebase","https://www.googleapis.com/auth/cloud-platform","https://www.googleapis.com/auth/userinfo.email"]
[debug] [2026-01-16T21:18:51.095Z] > authorizing via signed-in user (sharathsd63@gmail.com)
[debug] [2026-01-16T21:18:51.095Z] >>> [apiv2][query] GET https://serviceusage.googleapis.com/v1/projects/areuwfo-tracker/services/firestore.googleapis.com [none]
[debug] [2026-01-16T21:18:51.095Z] >>> [apiv2][(partial)header] GET https://serviceusage.googleapis.com/v1/projects/areuwfo-tracker/services/firestore.googleapis.com x-goog-quota-user=projects/areuwfo-tracker
[debug] [2026-01-16T21:18:51.097Z] >>> [apiv2][query] GET https://serviceusage.googleapis.com/v1/projects/areuwfo-tracker/services/firebasedataconnect.googleapis.com [none]
[debug] [2026-01-16T21:18:51.097Z] >>> [apiv2][(partial)header] GET https://serviceusage.googleapis.com/v1/projects/areuwfo-tracker/services/firebasedataconnect.googleapis.com x-goog-quota-user=projects/areuwfo-tracker
[debug] [2026-01-16T21:18:51.098Z] >>> [apiv2][query] GET https://serviceusage.googleapis.com/v1/projects/areuwfo-tracker/services/cloudfunctions.googleapis.com [none]
[debug] [2026-01-16T21:18:51.098Z] >>> [apiv2][(partial)header] GET https://serviceusage.googleapis.com/v1/projects/areuwfo-tracker/services/cloudfunctions.googleapis.com x-goog-quota-user=projects/areuwfo-tracker
[debug] [2026-01-16T21:18:51.099Z] >>> [apiv2][query] GET https://serviceusage.googleapis.com/v1/projects/areuwfo-tracker/services/firebaseapphosting.googleapis.com [none]
[debug] [2026-01-16T21:18:51.099Z] >>> [apiv2][(partial)header] GET https://serviceusage.googleapis.com/v1/projects/areuwfo-tracker/services/firebaseapphosting.googleapis.com x-goog-quota-user=projects/areuwfo-tracker
[debug] [2026-01-16T21:18:51.100Z] >>> [apiv2][query] GET https://serviceusage.googleapis.com/v1/projects/areuwfo-tracker/services/firebaseio.com [none]
[debug] [2026-01-16T21:18:51.100Z] >>> [apiv2][(partial)header] GET https://serviceusage.googleapis.com/v1/projects/areuwfo-tracker/services/firebaseio.com x-goog-quota-user=projects/areuwfo-tracker
[debug] [2026-01-16T21:18:51.198Z] <<< [apiv2][status] GET https://cloudbilling.googleapis.com/v1/projects/areuwfo-tracker/billingInfo 200
[debug] [2026-01-16T21:18:51.199Z] <<< [apiv2][body] GET https://cloudbilling.googleapis.com/v1/projects/areuwfo-tracker/billingInfo {"name":"projects/areuwfo-tracker/billingInfo","projectId":"areuwfo-tracker","billingAccountName":"","billingEnabled":false}
[debug] [2026-01-16T21:18:51.199Z] Object "" in "firebase.json" has unknown property: {"additionalProperty":"flutter"}
[debug] [2026-01-16T21:18:51.199Z] No OAuth tokens found
[debug] [2026-01-16T21:18:51.199Z] No OAuth tokens found
[debug] [2026-01-16T21:18:51.199Z] > command requires scopes: ["email","openid","https://www.googleapis.com/auth/cloudplatformprojects.readonly","https://www.googleapis.com/auth/firebase","https://www.googleapis.com/auth/cloud-platform","https://www.googleapis.com/auth/userinfo.email"]
[debug] [2026-01-16T21:18:51.200Z] > authorizing via signed-in user (sharathsd63@gmail.com)
[debug] [2026-01-16T21:18:51.200Z] No OAuth tokens found
[debug] [2026-01-16T21:18:51.200Z] No OAuth tokens found
[debug] [2026-01-16T21:18:51.200Z] > command requires scopes: ["email","openid","https://www.googleapis.com/auth/cloudplatformprojects.readonly","https://www.googleapis.com/auth/firebase","https://www.googleapis.com/auth/cloud-platform","https://www.googleapis.com/auth/userinfo.email"]
[debug] [2026-01-16T21:18:51.200Z] > authorizing via signed-in user (sharathsd63@gmail.com)
[debug] [2026-01-16T21:18:51.200Z] No OAuth tokens found
[debug] [2026-01-16T21:18:51.200Z] No OAuth tokens found
[debug] [2026-01-16T21:18:51.200Z] > command requires scopes: ["email","openid","https://www.googleapis.com/auth/cloudplatformprojects.readonly","https://www.googleapis.com/auth/firebase","https://www.googleapis.com/auth/cloud-platform","https://www.googleapis.com/auth/userinfo.email"]
[debug] [2026-01-16T21:18:51.201Z] > authorizing via signed-in user (sharathsd63@gmail.com)
[debug] [2026-01-16T21:18:51.204Z] No OAuth tokens found
[debug] [2026-01-16T21:18:51.204Z] No OAuth tokens found
[debug] [2026-01-16T21:18:51.204Z] > command requires scopes: ["email","openid","https://www.googleapis.com/auth/cloudplatformprojects.readonly","https://www.googleapis.com/auth/firebase","https://www.googleapis.com/auth/cloud-platform","https://www.googleapis.com/auth/userinfo.email"]
[debug] [2026-01-16T21:18:51.204Z] > authorizing via signed-in user (sharathsd63@gmail.com)
[debug] [2026-01-16T21:18:51.205Z] No OAuth tokens found
[debug] [2026-01-16T21:18:51.205Z] No OAuth tokens found
[debug] [2026-01-16T21:18:51.205Z] > command requires scopes: ["email","openid","https://www.googleapis.com/auth/cloudplatformprojects.readonly","https://www.googleapis.com/auth/firebase","https://www.googleapis.com/auth/cloud-platform","https://www.googleapis.com/auth/userinfo.email"]
[debug] [2026-01-16T21:18:51.205Z] > authorizing via signed-in user (sharathsd63@gmail.com)
[debug] [2026-01-16T21:18:51.205Z] >>> [apiv2][query] GET https://serviceusage.googleapis.com/v1/projects/areuwfo-tracker/services/firestore.googleapis.com [none]
[debug] [2026-01-16T21:18:51.205Z] >>> [apiv2][(partial)header] GET https://serviceusage.googleapis.com/v1/projects/areuwfo-tracker/services/firestore.googleapis.com x-goog-quota-user=projects/areuwfo-tracker
[debug] [2026-01-16T21:18:51.207Z] >>> [apiv2][query] GET https://serviceusage.googleapis.com/v1/projects/areuwfo-tracker/services/firebasedataconnect.googleapis.com [none]
[debug] [2026-01-16T21:18:51.207Z] >>> [apiv2][(partial)header] GET https://serviceusage.googleapis.com/v1/projects/areuwfo-tracker/services/firebasedataconnect.googleapis.com x-goog-quota-user=projects/areuwfo-tracker
[debug] [2026-01-16T21:18:51.208Z] >>> [apiv2][query] GET https://serviceusage.googleapis.com/v1/projects/areuwfo-tracker/services/cloudfunctions.googleapis.com [none]
[debug] [2026-01-16T21:18:51.208Z] >>> [apiv2][(partial)header] GET https://serviceusage.googleapis.com/v1/projects/areuwfo-tracker/services/cloudfunctions.googleapis.com x-goog-quota-user=projects/areuwfo-tracker
[debug] [2026-01-16T21:18:51.209Z] >>> [apiv2][query] GET https://serviceusage.googleapis.com/v1/projects/areuwfo-tracker/services/firebaseapphosting.googleapis.com [none]
[debug] [2026-01-16T21:18:51.209Z] >>> [apiv2][(partial)header] GET https://serviceusage.googleapis.com/v1/projects/areuwfo-tracker/services/firebaseapphosting.googleapis.com x-goog-quota-user=projects/areuwfo-tracker
[debug] [2026-01-16T21:18:51.211Z] >>> [apiv2][query] GET https://serviceusage.googleapis.com/v1/projects/areuwfo-tracker/services/firebaseio.com [none]
[debug] [2026-01-16T21:18:51.211Z] >>> [apiv2][(partial)header] GET https://serviceusage.googleapis.com/v1/projects/areuwfo-tracker/services/firebaseio.com x-goog-quota-user=projects/areuwfo-tracker
[debug] [2026-01-16T21:18:51.849Z] Object "" in "firebase.json" has unknown property: {"additionalProperty":"flutter"}
[error] Failed to fetch Firebase Project from Studio Workspace because WORKSPACE_SLUG environment variable is empty
[debug] [2026-01-16T21:18:51.850Z] Object "" in "firebase.json" has unknown property: {"additionalProperty":"flutter"}
[error] Failed to fetch Firebase Project from Studio Workspace because WORKSPACE_SLUG environment variable is empty
[debug] [2026-01-16T21:18:51.850Z] > command requires scopes: ["email","openid","https://www.googleapis.com/auth/cloudplatformprojects.readonly","https://www.googleapis.com/auth/firebase","https://www.googleapis.com/auth/cloud-platform","https://www.googleapis.com/auth/userinfo.email"]
[debug] [2026-01-16T21:18:51.850Z] > authorizing via signed-in user (sharathsd63@gmail.com)
[debug] [2026-01-16T21:18:51.850Z] No OAuth tokens found
[debug] [2026-01-16T21:18:51.851Z] No OAuth tokens found
[debug] [2026-01-16T21:18:51.851Z] > command requires scopes: ["email","openid","https://www.googleapis.com/auth/cloudplatformprojects.readonly","https://www.googleapis.com/auth/firebase","https://www.googleapis.com/auth/cloud-platform","https://www.googleapis.com/auth/userinfo.email"]
[debug] [2026-01-16T21:18:51.851Z] > authorizing via signed-in user (sharathsd63@gmail.com)
[debug] [2026-01-16T21:18:51.851Z] >>> [apiv2][query] GET https://cloudbilling.googleapis.com/v1/projects/areuwfo-tracker/billingInfo [none]
[debug] [2026-01-16T21:18:51.853Z] Object "" in "firebase.json" has unknown property: {"additionalProperty":"flutter"}
[error] Failed to fetch Firebase Project from Studio Workspace because WORKSPACE_SLUG environment variable is empty
[debug] [2026-01-16T21:18:51.854Z] Object "" in "firebase.json" has unknown property: {"additionalProperty":"flutter"}
[error] Failed to fetch Firebase Project from Studio Workspace because WORKSPACE_SLUG environment variable is empty
[debug] [2026-01-16T21:18:51.854Z] > command requires scopes: ["email","openid","https://www.googleapis.com/auth/cloudplatformprojects.readonly","https://www.googleapis.com/auth/firebase","https://www.googleapis.com/auth/cloud-platform","https://www.googleapis.com/auth/userinfo.email"]
[debug] [2026-01-16T21:18:51.854Z] > authorizing via signed-in user (sharathsd63@gmail.com)
[debug] [2026-01-16T21:18:51.855Z] No OAuth tokens found
[debug] [2026-01-16T21:18:51.855Z] No OAuth tokens found
[debug] [2026-01-16T21:18:51.855Z] > command requires scopes: ["email","openid","https://www.googleapis.com/auth/cloudplatformprojects.readonly","https://www.googleapis.com/auth/firebase","https://www.googleapis.com/auth/cloud-platform","https://www.googleapis.com/auth/userinfo.email"]
[debug] [2026-01-16T21:18:51.855Z] > authorizing via signed-in user (sharathsd63@gmail.com)
[debug] [2026-01-16T21:18:51.855Z] >>> [apiv2][query] GET https://cloudbilling.googleapis.com/v1/projects/areuwfo-tracker/billingInfo [none]
[debug] [2026-01-16T21:18:52.111Z] <<< [apiv2][status] GET https://serviceusage.googleapis.com/v1/projects/areuwfo-tracker/services/firebaseio.com 403
[debug] [2026-01-16T21:18:52.112Z] <<< [apiv2][body] GET https://serviceusage.googleapis.com/v1/projects/areuwfo-tracker/services/firebaseio.com [omitted]
[debug] [2026-01-16T21:18:52.132Z] <<< [apiv2][status] GET https://serviceusage.googleapis.com/v1/projects/areuwfo-tracker/services/firebasedataconnect.googleapis.com 200
[debug] [2026-01-16T21:18:52.132Z] <<< [apiv2][body] GET https://serviceusage.googleapis.com/v1/projects/areuwfo-tracker/services/firebasedataconnect.googleapis.com [omitted]
[debug] [2026-01-16T21:18:52.134Z] <<< [apiv2][status] GET https://serviceusage.googleapis.com/v1/projects/areuwfo-tracker/services/cloudfunctions.googleapis.com 200
[debug] [2026-01-16T21:18:52.134Z] <<< [apiv2][body] GET https://serviceusage.googleapis.com/v1/projects/areuwfo-tracker/services/cloudfunctions.googleapis.com [omitted]
[debug] [2026-01-16T21:18:52.147Z] <<< [apiv2][status] GET https://serviceusage.googleapis.com/v1/projects/areuwfo-tracker/services/firestore.googleapis.com 200
[debug] [2026-01-16T21:18:52.147Z] <<< [apiv2][body] GET https://serviceusage.googleapis.com/v1/projects/areuwfo-tracker/services/firestore.googleapis.com [omitted]
[debug] [2026-01-16T21:18:52.183Z] <<< [apiv2][status] GET https://serviceusage.googleapis.com/v1/projects/areuwfo-tracker/services/firebaseapphosting.googleapis.com 200
[debug] [2026-01-16T21:18:52.183Z] <<< [apiv2][body] GET https://serviceusage.googleapis.com/v1/projects/areuwfo-tracker/services/firebaseapphosting.googleapis.com [omitted]
[debug] [2026-01-16T21:18:52.217Z] <<< [apiv2][status] GET https://serviceusage.googleapis.com/v1/projects/areuwfo-tracker/services/firebaseio.com 403
[debug] [2026-01-16T21:18:52.217Z] <<< [apiv2][body] GET https://serviceusage.googleapis.com/v1/projects/areuwfo-tracker/services/firebaseio.com [omitted]
[debug] [2026-01-16T21:18:52.238Z] <<< [apiv2][status] GET https://serviceusage.googleapis.com/v1/projects/areuwfo-tracker/services/firebasedataconnect.googleapis.com 200
[debug] [2026-01-16T21:18:52.238Z] <<< [apiv2][body] GET https://serviceusage.googleapis.com/v1/projects/areuwfo-tracker/services/firebasedataconnect.googleapis.com [omitted]
[debug] [2026-01-16T21:18:52.246Z] <<< [apiv2][status] GET https://serviceusage.googleapis.com/v1/projects/areuwfo-tracker/services/firestore.googleapis.com 200
[debug] [2026-01-16T21:18:52.246Z] <<< [apiv2][body] GET https://serviceusage.googleapis.com/v1/projects/areuwfo-tracker/services/firestore.googleapis.com [omitted]
[debug] [2026-01-16T21:18:52.247Z] <<< [apiv2][status] GET https://serviceusage.googleapis.com/v1/projects/areuwfo-tracker/services/cloudfunctions.googleapis.com 200
[debug] [2026-01-16T21:18:52.247Z] <<< [apiv2][body] GET https://serviceusage.googleapis.com/v1/projects/areuwfo-tracker/services/cloudfunctions.googleapis.com [omitted]
[debug] [2026-01-16T21:18:52.250Z] <<< [apiv2][status] GET https://serviceusage.googleapis.com/v1/projects/areuwfo-tracker/services/firebaseapphosting.googleapis.com 200
[debug] [2026-01-16T21:18:52.250Z] <<< [apiv2][body] GET https://serviceusage.googleapis.com/v1/projects/areuwfo-tracker/services/firebaseapphosting.googleapis.com [omitted]
[debug] [2026-01-16T21:18:52.251Z] Object "" in "firebase.json" has unknown property: {"additionalProperty":"flutter"}
[error] Failed to fetch Firebase Project from Studio Workspace because WORKSPACE_SLUG environment variable is empty
[debug] [2026-01-16T21:18:52.252Z] Object "" in "firebase.json" has unknown property: {"additionalProperty":"flutter"}
[error] Failed to fetch Firebase Project from Studio Workspace because WORKSPACE_SLUG environment variable is empty
[debug] [2026-01-16T21:18:52.253Z] Object "" in "firebase.json" has unknown property: {"additionalProperty":"flutter"}
[error] Failed to fetch Firebase Project from Studio Workspace because WORKSPACE_SLUG environment variable is empty
[debug] [2026-01-16T21:18:52.254Z] > command requires scopes: ["email","openid","https://www.googleapis.com/auth/cloudplatformprojects.readonly","https://www.googleapis.com/auth/firebase","https://www.googleapis.com/auth/cloud-platform","https://www.googleapis.com/auth/userinfo.email"]
[debug] [2026-01-16T21:18:52.254Z] > authorizing via signed-in user (sharathsd63@gmail.com)
[debug] [2026-01-16T21:18:52.254Z] No OAuth tokens found
[debug] [2026-01-16T21:18:52.254Z] No OAuth tokens found
[debug] [2026-01-16T21:18:52.254Z] > command requires scopes: ["email","openid","https://www.googleapis.com/auth/cloudplatformprojects.readonly","https://www.googleapis.com/auth/firebase","https://www.googleapis.com/auth/cloud-platform","https://www.googleapis.com/auth/userinfo.email"]
[debug] [2026-01-16T21:18:52.254Z] > authorizing via signed-in user (sharathsd63@gmail.com)
[debug] [2026-01-16T21:18:52.255Z] >>> [apiv2][query] GET https://cloudbilling.googleapis.com/v1/projects/areuwfo-tracker/billingInfo [none]
[debug] [2026-01-16T21:18:52.923Z] <<< [apiv2][status] GET https://cloudbilling.googleapis.com/v1/projects/areuwfo-tracker/billingInfo 200
[debug] [2026-01-16T21:18:52.923Z] <<< [apiv2][body] GET https://cloudbilling.googleapis.com/v1/projects/areuwfo-tracker/billingInfo {"name":"projects/areuwfo-tracker/billingInfo","projectId":"areuwfo-tracker","billingAccountName":"","billingEnabled":false}
[debug] [2026-01-16T21:18:52.924Z] Object "" in "firebase.json" has unknown property: {"additionalProperty":"flutter"}
[debug] [2026-01-16T21:18:52.963Z] <<< [apiv2][status] GET https://cloudbilling.googleapis.com/v1/projects/areuwfo-tracker/billingInfo 200
[debug] [2026-01-16T21:18:52.963Z] <<< [apiv2][body] GET https://cloudbilling.googleapis.com/v1/projects/areuwfo-tracker/billingInfo {"name":"projects/areuwfo-tracker/billingInfo","projectId":"areuwfo-tracker","billingAccountName":"","billingEnabled":false}
[debug] [2026-01-16T21:18:52.964Z] Object "" in "firebase.json" has unknown property: {"additionalProperty":"flutter"}
[debug] [2026-01-16T21:18:53.031Z] Object "" in "firebase.json" has unknown property: {"additionalProperty":"flutter"}
[error] Failed to fetch Firebase Project from Studio Workspace because WORKSPACE_SLUG environment variable is empty
[debug] [2026-01-16T21:18:53.033Z] Object "" in "firebase.json" has unknown property: {"additionalProperty":"flutter"}
[error] Failed to fetch Firebase Project from Studio Workspace because WORKSPACE_SLUG environment variable is empty
[debug] [2026-01-16T21:18:53.034Z] Object "" in "firebase.json" has unknown property: {"additionalProperty":"flutter"}
[error] Failed to fetch Firebase Project from Studio Workspace because WORKSPACE_SLUG environment variable is empty
[debug] [2026-01-16T21:18:53.034Z] > command requires scopes: ["email","openid","https://www.googleapis.com/auth/cloudplatformprojects.readonly","https://www.googleapis.com/auth/firebase","https://www.googleapis.com/auth/cloud-platform","https://www.googleapis.com/auth/userinfo.email"]
[debug] [2026-01-16T21:18:53.034Z] > authorizing via signed-in user (sharathsd63@gmail.com)
[debug] [2026-01-16T21:18:53.034Z] No OAuth tokens found
[debug] [2026-01-16T21:18:53.034Z] No OAuth tokens found
[debug] [2026-01-16T21:18:53.034Z] > command requires scopes: ["email","openid","https://www.googleapis.com/auth/cloudplatformprojects.readonly","https://www.googleapis.com/auth/firebase","https://www.googleapis.com/auth/cloud-platform","https://www.googleapis.com/auth/userinfo.email"]
[debug] [2026-01-16T21:18:53.035Z] > authorizing via signed-in user (sharathsd63@gmail.com)
[debug] [2026-01-16T21:18:53.035Z] >>> [apiv2][query] GET https://cloudbilling.googleapis.com/v1/projects/areuwfo-tracker/billingInfo [none]
[debug] [2026-01-16T21:18:53.040Z] Object "" in "firebase.json" has unknown property: {"additionalProperty":"flutter"}
[error] Failed to fetch Firebase Project from Studio Workspace because WORKSPACE_SLUG environment variable is empty
[debug] [2026-01-16T21:18:53.041Z] Object "" in "firebase.json" has unknown property: {"additionalProperty":"flutter"}
[error] Failed to fetch Firebase Project from Studio Workspace because WORKSPACE_SLUG environment variable is empty
[debug] [2026-01-16T21:18:53.042Z] Object "" in "firebase.json" has unknown property: {"additionalProperty":"flutter"}
[error] Failed to fetch Firebase Project from Studio Workspace because WORKSPACE_SLUG environment variable is empty
[debug] [2026-01-16T21:18:53.042Z] > command requires scopes: ["email","openid","https://www.googleapis.com/auth/cloudplatformprojects.readonly","https://www.googleapis.com/auth/firebase","https://www.googleapis.com/auth/cloud-platform","https://www.googleapis.com/auth/userinfo.email"]
[debug] [2026-01-16T21:18:53.042Z] > authorizing via signed-in user (sharathsd63@gmail.com)
[debug] [2026-01-16T21:18:53.043Z] No OAuth tokens found
[debug] [2026-01-16T21:18:53.043Z] No OAuth tokens found
[debug] [2026-01-16T21:18:53.043Z] > command requires scopes: ["email","openid","https://www.googleapis.com/auth/cloudplatformprojects.readonly","https://www.googleapis.com/auth/firebase","https://www.googleapis.com/auth/cloud-platform","https://www.googleapis.com/auth/userinfo.email"]
[debug] [2026-01-16T21:18:53.043Z] > authorizing via signed-in user (sharathsd63@gmail.com)
[debug] [2026-01-16T21:18:53.043Z] >>> [apiv2][query] GET https://cloudbilling.googleapis.com/v1/projects/areuwfo-tracker/billingInfo [none]
[debug] [2026-01-16T21:18:53.304Z] <<< [apiv2][status] GET https://cloudbilling.googleapis.com/v1/projects/areuwfo-tracker/billingInfo 200
[debug] [2026-01-16T21:18:53.304Z] <<< [apiv2][body] GET https://cloudbilling.googleapis.com/v1/projects/areuwfo-tracker/billingInfo {"name":"projects/areuwfo-tracker/billingInfo","projectId":"areuwfo-tracker","billingAccountName":"","billingEnabled":false}
[debug] [2026-01-16T21:18:53.305Z] Object "" in "firebase.json" has unknown property: {"additionalProperty":"flutter"}
[debug] [2026-01-16T21:18:53.483Z] Object "" in "firebase.json" has unknown property: {"additionalProperty":"flutter"}
[error] Failed to fetch Firebase Project from Studio Workspace because WORKSPACE_SLUG environment variable is empty
[debug] [2026-01-16T21:18:53.484Z] > command requires scopes: ["email","openid","https://www.googleapis.com/auth/cloudplatformprojects.readonly","https://www.googleapis.com/auth/firebase","https://www.googleapis.com/auth/cloud-platform","https://www.googleapis.com/auth/userinfo.email"]
[debug] [2026-01-16T21:18:53.484Z] > authorizing via signed-in user (sharathsd63@gmail.com)
[debug] [2026-01-16T21:18:53.494Z] Object "" in "firebase.json" has unknown property: {"additionalProperty":"flutter"}
[error] Failed to fetch Firebase Project from Studio Workspace because WORKSPACE_SLUG environment variable is empty
[debug] [2026-01-16T21:18:53.495Z] Object "" in "firebase.json" has unknown property: {"additionalProperty":"flutter"}
[error] Failed to fetch Firebase Project from Studio Workspace because WORKSPACE_SLUG environment variable is empty
[debug] [2026-01-16T21:18:53.495Z] Object "" in "firebase.json" has unknown property: {"additionalProperty":"flutter"}
[error] Failed to fetch Firebase Project from Studio Workspace because WORKSPACE_SLUG environment variable is empty
[debug] [2026-01-16T21:18:53.496Z] > command requires scopes: ["email","openid","https://www.googleapis.com/auth/cloudplatformprojects.readonly","https://www.googleapis.com/auth/firebase","https://www.googleapis.com/auth/cloud-platform","https://www.googleapis.com/auth/userinfo.email"]
[debug] [2026-01-16T21:18:53.496Z] > authorizing via signed-in user (sharathsd63@gmail.com)
[debug] [2026-01-16T21:18:53.496Z] No OAuth tokens found
[debug] [2026-01-16T21:18:53.497Z] No OAuth tokens found
[debug] [2026-01-16T21:18:53.497Z] > command requires scopes: ["email","openid","https://www.googleapis.com/auth/cloudplatformprojects.readonly","https://www.googleapis.com/auth/firebase","https://www.googleapis.com/auth/cloud-platform","https://www.googleapis.com/auth/userinfo.email"]
[debug] [2026-01-16T21:18:53.497Z] > authorizing via signed-in user (sharathsd63@gmail.com)
[debug] [2026-01-16T21:18:53.497Z] >>> [apiv2][query] GET https://cloudbilling.googleapis.com/v1/projects/areuwfo-tracker/billingInfo [none]
[debug] [2026-01-16T21:18:53.498Z] Object "" in "firebase.json" has unknown property: {"additionalProperty":"flutter"}
[error] Failed to fetch Firebase Project from Studio Workspace because WORKSPACE_SLUG environment variable is empty
[debug] [2026-01-16T21:18:53.499Z] Object "" in "firebase.json" has unknown property: {"additionalProperty":"flutter"}
[error] Failed to fetch Firebase Project from Studio Workspace because WORKSPACE_SLUG environment variable is empty
[debug] [2026-01-16T21:18:53.499Z] Object "" in "firebase.json" has unknown property: {"additionalProperty":"flutter"}
[error] Failed to fetch Firebase Project from Studio Workspace because WORKSPACE_SLUG environment variable is empty
[debug] [2026-01-16T21:18:53.500Z] > command requires scopes: ["email","openid","https://www.googleapis.com/auth/cloudplatformprojects.readonly","https://www.googleapis.com/auth/firebase","https://www.googleapis.com/auth/cloud-platform","https://www.googleapis.com/auth/userinfo.email"]
[debug] [2026-01-16T21:18:53.500Z] > authorizing via signed-in user (sharathsd63@gmail.com)
[debug] [2026-01-16T21:18:53.500Z] No OAuth tokens found
[debug] [2026-01-16T21:18:53.500Z] No OAuth tokens found
[debug] [2026-01-16T21:18:53.500Z] > command requires scopes: ["email","openid","https://www.googleapis.com/auth/cloudplatformprojects.readonly","https://www.googleapis.com/auth/firebase","https://www.googleapis.com/auth/cloud-platform","https://www.googleapis.com/auth/userinfo.email"]
[debug] [2026-01-16T21:18:53.500Z] > authorizing via signed-in user (sharathsd63@gmail.com)
[debug] [2026-01-16T21:18:53.500Z] >>> [apiv2][query] GET https://cloudbilling.googleapis.com/v1/projects/areuwfo-tracker/billingInfo [none]
[debug] [2026-01-16T21:18:53.900Z] <<< [apiv2][status] GET https://cloudbilling.googleapis.com/v1/projects/areuwfo-tracker/billingInfo 200
[debug] [2026-01-16T21:18:53.900Z] <<< [apiv2][body] GET https://cloudbilling.googleapis.com/v1/projects/areuwfo-tracker/billingInfo {"name":"projects/areuwfo-tracker/billingInfo","projectId":"areuwfo-tracker","billingAccountName":"","billingEnabled":false}
[debug] [2026-01-16T21:18:53.901Z] Object "" in "firebase.json" has unknown property: {"additionalProperty":"flutter"}
[debug] [2026-01-16T21:18:54.072Z] Object "" in "firebase.json" has unknown property: {"additionalProperty":"flutter"}
[error] Failed to fetch Firebase Project from Studio Workspace because WORKSPACE_SLUG environment variable is empty
[debug] [2026-01-16T21:18:54.073Z] > command requires scopes: ["email","openid","https://www.googleapis.com/auth/cloudplatformprojects.readonly","https://www.googleapis.com/auth/firebase","https://www.googleapis.com/auth/cloud-platform","https://www.googleapis.com/auth/userinfo.email"]
[debug] [2026-01-16T21:18:54.073Z] > authorizing via signed-in user (sharathsd63@gmail.com)
[debug] [2026-01-16T21:18:54.076Z] <<< [apiv2][status] GET https://cloudbilling.googleapis.com/v1/projects/areuwfo-tracker/billingInfo 200
[debug] [2026-01-16T21:18:54.076Z] <<< [apiv2][body] GET https://cloudbilling.googleapis.com/v1/projects/areuwfo-tracker/billingInfo {"name":"projects/areuwfo-tracker/billingInfo","projectId":"areuwfo-tracker","billingAccountName":"","billingEnabled":false}
[debug] [2026-01-16T21:18:54.076Z] Object "" in "firebase.json" has unknown property: {"additionalProperty":"flutter"}
[debug] [2026-01-16T21:18:54.101Z] Object "" in "firebase.json" has unknown property: {"additionalProperty":"flutter"}
[error] Failed to fetch Firebase Project from Studio Workspace because WORKSPACE_SLUG environment variable is empty
[debug] [2026-01-16T21:18:54.102Z] > command requires scopes: ["email","openid","https://www.googleapis.com/auth/cloudplatformprojects.readonly","https://www.googleapis.com/auth/firebase","https://www.googleapis.com/auth/cloud-platform","https://www.googleapis.com/auth/userinfo.email"]
[debug] [2026-01-16T21:18:54.102Z] > authorizing via signed-in user (sharathsd63@gmail.com)
[debug] [2026-01-16T21:18:54.102Z] <<< [apiv2][status] GET https://cloudbilling.googleapis.com/v1/projects/areuwfo-tracker/billingInfo 200
[debug] [2026-01-16T21:18:54.102Z] <<< [apiv2][body] GET https://cloudbilling.googleapis.com/v1/projects/areuwfo-tracker/billingInfo {"name":"projects/areuwfo-tracker/billingInfo","projectId":"areuwfo-tracker","billingAccountName":"","billingEnabled":false}
[debug] [2026-01-16T21:18:54.103Z] Object "" in "firebase.json" has unknown property: {"additionalProperty":"flutter"}
[debug] [2026-01-16T21:18:54.263Z] Object "" in "firebase.json" has unknown property: {"additionalProperty":"flutter"}
[error] Failed to fetch Firebase Project from Studio Workspace because WORKSPACE_SLUG environment variable is empty
[debug] [2026-01-16T21:18:54.264Z] > command requires scopes: ["email","openid","https://www.googleapis.com/auth/cloudplatformprojects.readonly","https://www.googleapis.com/auth/firebase","https://www.googleapis.com/auth/cloud-platform","https://www.googleapis.com/auth/userinfo.email"]
[debug] [2026-01-16T21:18:54.264Z] > authorizing via signed-in user (sharathsd63@gmail.com)
[debug] [2026-01-16T21:18:54.578Z] <<< [apiv2][status] GET https://cloudbilling.googleapis.com/v1/projects/areuwfo-tracker/billingInfo 200
[debug] [2026-01-16T21:18:54.579Z] <<< [apiv2][body] GET https://cloudbilling.googleapis.com/v1/projects/areuwfo-tracker/billingInfo {"name":"projects/areuwfo-tracker/billingInfo","projectId":"areuwfo-tracker","billingAccountName":"","billingEnabled":false}
[debug] [2026-01-16T21:18:54.579Z] Object "" in "firebase.json" has unknown property: {"additionalProperty":"flutter"}
[debug] [2026-01-16T21:18:54.599Z] Object "" in "firebase.json" has unknown property: {"additionalProperty":"flutter"}
[error] Failed to fetch Firebase Project from Studio Workspace because WORKSPACE_SLUG environment variable is empty
[debug] [2026-01-16T21:18:54.600Z] > command requires scopes: ["email","openid","https://www.googleapis.com/auth/cloudplatformprojects.readonly","https://www.googleapis.com/auth/firebase","https://www.googleapis.com/auth/cloud-platform","https://www.googleapis.com/auth/userinfo.email"]
[debug] [2026-01-16T21:18:54.600Z] > authorizing via signed-in user (sharathsd63@gmail.com)
[debug] [2026-01-17T04:38:14.196Z] Object "" in "firebase.json" has unknown property: {"additionalProperty":"flutter"}
[error] Failed to fetch Firebase Project from Studio Workspace because WORKSPACE_SLUG environment variable is empty
[debug] [2026-01-17T04:38:14.203Z] Object "" in "firebase.json" has unknown property: {"additionalProperty":"flutter"}
[error] Failed to fetch Firebase Project from Studio Workspace because WORKSPACE_SLUG environment variable is empty
[debug] [2026-01-17T04:38:14.205Z] Object "" in "firebase.json" has unknown property: {"additionalProperty":"flutter"}
[error] Failed to fetch Firebase Project from Studio Workspace because WORKSPACE_SLUG environment variable is empty
[debug] [2026-01-17T04:38:14.207Z] Object "" in "firebase.json" has unknown property: {"additionalProperty":"flutter"}
[error] Failed to fetch Firebase Project from Studio Workspace because WORKSPACE_SLUG environment variable is empty
[debug] [2026-01-17T04:38:14.208Z] > command requires scopes: ["email","openid","https://www.googleapis.com/auth/cloudplatformprojects.readonly","https://www.googleapis.com/auth/firebase","https://www.googleapis.com/auth/cloud-platform","https://www.googleapis.com/auth/userinfo.email"]
[debug] [2026-01-17T04:38:14.210Z] > command requires scopes: ["email","openid","https://www.googleapis.com/auth/cloudplatformprojects.readonly","https://www.googleapis.com/auth/firebase","https://www.googleapis.com/auth/cloud-platform","https://www.googleapis.com/auth/userinfo.email"]
[debug] [2026-01-17T04:38:43.939Z] Running auto auth
[debug] [2026-01-17T04:38:43.940Z] Running auto auth
[debug] [2026-01-17T04:38:44.031Z] No OAuth tokens found
[debug] [2026-01-17T04:38:44.035Z] >>> [apiv2][query] GET https://cloudbilling.googleapis.com/v1/projects/areuwfo-tracker/billingInfo [none]
[debug] [2026-01-17T04:38:44.092Z] No OAuth tokens found
[debug] [2026-01-17T04:38:44.093Z] >>> [apiv2][query] GET https://cloudbilling.googleapis.com/v1/projects/areuwfo-tracker/billingInfo [none]
[debug] [2026-01-17T04:38:44.351Z] <<< [apiv2][status] GET https://cloudbilling.googleapis.com/v1/projects/areuwfo-tracker/billingInfo 200
[debug] [2026-01-17T04:38:44.352Z] <<< [apiv2][body] GET https://cloudbilling.googleapis.com/v1/projects/areuwfo-tracker/billingInfo {"name":"projects/areuwfo-tracker/billingInfo","projectId":"areuwfo-tracker","billingAccountName":"","billingEnabled":false}
[debug] [2026-01-17T04:38:44.353Z] Object "" in "firebase.json" has unknown property: {"additionalProperty":"flutter"}
[debug] [2026-01-17T04:38:44.363Z] No OAuth tokens found
[debug] [2026-01-17T04:38:44.364Z] No OAuth tokens found
[debug] [2026-01-17T04:38:44.368Z] No OAuth tokens found
[debug] [2026-01-17T04:38:44.394Z] No OAuth tokens found
[debug] [2026-01-17T04:38:44.395Z] No OAuth tokens found
[debug] [2026-01-17T04:38:44.395Z] >>> [apiv2][query] GET https://serviceusage.googleapis.com/v1/projects/areuwfo-tracker/services/firestore.googleapis.com [none]
[debug] [2026-01-17T04:38:44.395Z] >>> [apiv2][(partial)header] GET https://serviceusage.googleapis.com/v1/projects/areuwfo-tracker/services/firestore.googleapis.com x-goog-quota-user=projects/areuwfo-tracker
[debug] [2026-01-17T04:38:44.397Z] >>> [apiv2][query] GET https://serviceusage.googleapis.com/v1/projects/areuwfo-tracker/services/firebasedataconnect.googleapis.com [none]
[debug] [2026-01-17T04:38:44.397Z] >>> [apiv2][(partial)header] GET https://serviceusage.googleapis.com/v1/projects/areuwfo-tracker/services/firebasedataconnect.googleapis.com x-goog-quota-user=projects/areuwfo-tracker
[debug] [2026-01-17T04:38:44.399Z] >>> [apiv2][query] GET https://serviceusage.googleapis.com/v1/projects/areuwfo-tracker/services/cloudfunctions.googleapis.com [none]
[debug] [2026-01-17T04:38:44.399Z] >>> [apiv2][(partial)header] GET https://serviceusage.googleapis.com/v1/projects/areuwfo-tracker/services/cloudfunctions.googleapis.com x-goog-quota-user=projects/areuwfo-tracker
[debug] [2026-01-17T04:38:44.401Z] >>> [apiv2][query] GET https://serviceusage.googleapis.com/v1/projects/areuwfo-tracker/services/firebaseapphosting.googleapis.com [none]
[debug] [2026-01-17T04:38:44.401Z] >>> [apiv2][(partial)header] GET https://serviceusage.googleapis.com/v1/projects/areuwfo-tracker/services/firebaseapphosting.googleapis.com x-goog-quota-user=projects/areuwfo-tracker
[debug] [2026-01-17T04:38:44.402Z] >>> [apiv2][query] GET https://serviceusage.googleapis.com/v1/projects/areuwfo-tracker/services/firebaseio.com [none]
[debug] [2026-01-17T04:38:44.403Z] >>> [apiv2][(partial)header] GET https://serviceusage.googleapis.com/v1/projects/areuwfo-tracker/services/firebaseio.com x-goog-quota-user=projects/areuwfo-tracker
[debug] [2026-01-17T04:38:44.611Z] <<< [apiv2][status] GET https://cloudbilling.googleapis.com/v1/projects/areuwfo-tracker/billingInfo 200
[debug] [2026-01-17T04:38:44.611Z] <<< [apiv2][body] GET https://cloudbilling.googleapis.com/v1/projects/areuwfo-tracker/billingInfo {"name":"projects/areuwfo-tracker/billingInfo","projectId":"areuwfo-tracker","billingAccountName":"","billingEnabled":false}
[debug] [2026-01-17T04:38:44.612Z] Object "" in "firebase.json" has unknown property: {"additionalProperty":"flutter"}
[debug] [2026-01-17T04:38:44.613Z] No OAuth tokens found
[debug] [2026-01-17T04:38:44.613Z] No OAuth tokens found
[debug] [2026-01-17T04:38:44.614Z] No OAuth tokens found
[debug] [2026-01-17T04:38:44.638Z] No OAuth tokens found
[debug] [2026-01-17T04:38:44.639Z] No OAuth tokens found
[debug] [2026-01-17T04:38:44.640Z] >>> [apiv2][query] GET https://serviceusage.googleapis.com/v1/projects/areuwfo-tracker/services/firestore.googleapis.com [none]
[debug] [2026-01-17T04:38:44.640Z] >>> [apiv2][(partial)header] GET https://serviceusage.googleapis.com/v1/projects/areuwfo-tracker/services/firestore.googleapis.com x-goog-quota-user=projects/areuwfo-tracker
[debug] [2026-01-17T04:38:44.646Z] >>> [apiv2][query] GET https://serviceusage.googleapis.com/v1/projects/areuwfo-tracker/services/firebasedataconnect.googleapis.com [none]
[debug] [2026-01-17T04:38:44.646Z] >>> [apiv2][(partial)header] GET https://serviceusage.googleapis.com/v1/projects/areuwfo-tracker/services/firebasedataconnect.googleapis.com x-goog-quota-user=projects/areuwfo-tracker
[debug] [2026-01-17T04:38:44.651Z] >>> [apiv2][query] GET https://serviceusage.googleapis.com/v1/projects/areuwfo-tracker/services/cloudfunctions.googleapis.com [none]
[debug] [2026-01-17T04:38:44.651Z] >>> [apiv2][(partial)header] GET https://serviceusage.googleapis.com/v1/projects/areuwfo-tracker/services/cloudfunctions.googleapis.com x-goog-quota-user=projects/areuwfo-tracker
[debug] [2026-01-17T04:38:44.655Z] >>> [apiv2][query] GET https://serviceusage.googleapis.com/v1/projects/areuwfo-tracker/services/firebaseapphosting.googleapis.com [none]
[debug] [2026-01-17T04:38:44.657Z] >>> [apiv2][(partial)header] GET https://serviceusage.googleapis.com/v1/projects/areuwfo-tracker/services/firebaseapphosting.googleapis.com x-goog-quota-user=projects/areuwfo-tracker
[debug] [2026-01-17T04:38:44.666Z] >>> [apiv2][query] GET https://serviceusage.googleapis.com/v1/projects/areuwfo-tracker/services/firebaseio.com [none]
[debug] [2026-01-17T04:38:44.667Z] >>> [apiv2][(partial)header] GET https://serviceusage.googleapis.com/v1/projects/areuwfo-tracker/services/firebaseio.com x-goog-quota-user=projects/areuwfo-tracker
[debug] [2026-01-17T04:38:45.463Z] <<< [apiv2][status] GET https://serviceusage.googleapis.com/v1/projects/areuwfo-tracker/services/cloudfunctions.googleapis.com 200
[debug] [2026-01-17T04:38:45.463Z] <<< [apiv2][body] GET https://serviceusage.googleapis.com/v1/projects/areuwfo-tracker/services/cloudfunctions.googleapis.com [omitted]
[debug] [2026-01-17T04:38:45.482Z] <<< [apiv2][status] GET https://serviceusage.googleapis.com/v1/projects/areuwfo-tracker/services/firebaseio.com 403
[debug] [2026-01-17T04:38:45.483Z] <<< [apiv2][body] GET https://serviceusage.googleapis.com/v1/projects/areuwfo-tracker/services/firebaseio.com [omitted]
[debug] [2026-01-17T04:38:45.494Z] <<< [apiv2][status] GET https://serviceusage.googleapis.com/v1/projects/areuwfo-tracker/services/firebasedataconnect.googleapis.com 200
[debug] [2026-01-17T04:38:45.495Z] <<< [apiv2][body] GET https://serviceusage.googleapis.com/v1/projects/areuwfo-tracker/services/firebasedataconnect.googleapis.com [omitted]
[debug] [2026-01-17T04:38:45.503Z] <<< [apiv2][status] GET https://serviceusage.googleapis.com/v1/projects/areuwfo-tracker/services/firebaseapphosting.googleapis.com 200
[debug] [2026-01-17T04:38:45.504Z] <<< [apiv2][body] GET https://serviceusage.googleapis.com/v1/projects/areuwfo-tracker/services/firebaseapphosting.googleapis.com [omitted]
[debug] [2026-01-17T04:38:45.677Z] <<< [apiv2][status] GET https://serviceusage.googleapis.com/v1/projects/areuwfo-tracker/services/firestore.googleapis.com 200
[debug] [2026-01-17T04:38:45.677Z] <<< [apiv2][body] GET https://serviceusage.googleapis.com/v1/projects/areuwfo-tracker/services/firestore.googleapis.com [omitted]
[debug] [2026-01-17T04:38:45.678Z] Object "" in "firebase.json" has unknown property: {"additionalProperty":"flutter"}
[error] Failed to fetch Firebase Project from Studio Workspace because WORKSPACE_SLUG environment variable is empty
[debug] [2026-01-17T04:38:45.680Z] Object "" in "firebase.json" has unknown property: {"additionalProperty":"flutter"}
[error] Failed to fetch Firebase Project from Studio Workspace because WORKSPACE_SLUG environment variable is empty
[debug] [2026-01-17T04:38:45.681Z] Object "" in "firebase.json" has unknown property: {"additionalProperty":"flutter"}
[error] Failed to fetch Firebase Project from Studio Workspace because WORKSPACE_SLUG environment variable is empty
[debug] [2026-01-17T04:38:45.681Z] > command requires scopes: ["email","openid","https://www.googleapis.com/auth/cloudplatformprojects.readonly","https://www.googleapis.com/auth/firebase","https://www.googleapis.com/auth/cloud-platform","https://www.googleapis.com/auth/userinfo.email"]
[debug] [2026-01-17T04:38:45.681Z] > authorizing via signed-in user (sharathsd63@gmail.com)
[debug] [2026-01-17T04:38:45.682Z] No OAuth tokens found
[debug] [2026-01-17T04:38:45.682Z] >>> [apiv2][query] GET https://cloudbilling.googleapis.com/v1/projects/areuwfo-tracker/billingInfo [none]
[debug] [2026-01-17T04:38:45.780Z] <<< [apiv2][status] GET https://serviceusage.googleapis.com/v1/projects/areuwfo-tracker/services/firebaseio.com 403
[debug] [2026-01-17T04:38:45.780Z] <<< [apiv2][body] GET https://serviceusage.googleapis.com/v1/projects/areuwfo-tracker/services/firebaseio.com [omitted]
[debug] [2026-01-17T04:38:45.815Z] <<< [apiv2][status] GET https://serviceusage.googleapis.com/v1/projects/areuwfo-tracker/services/firestore.googleapis.com 200
[debug] [2026-01-17T04:38:45.816Z] <<< [apiv2][body] GET https://serviceusage.googleapis.com/v1/projects/areuwfo-tracker/services/firestore.googleapis.com [omitted]
[debug] [2026-01-17T04:38:45.828Z] <<< [apiv2][status] GET https://serviceusage.googleapis.com/v1/projects/areuwfo-tracker/services/firebaseapphosting.googleapis.com 200
[debug] [2026-01-17T04:38:45.828Z] <<< [apiv2][body] GET https://serviceusage.googleapis.com/v1/projects/areuwfo-tracker/services/firebaseapphosting.googleapis.com [omitted]
[debug] [2026-01-17T04:38:45.839Z] <<< [apiv2][status] GET https://serviceusage.googleapis.com/v1/projects/areuwfo-tracker/services/firebasedataconnect.googleapis.com 200
[debug] [2026-01-17T04:38:45.839Z] <<< [apiv2][body] GET https://serviceusage.googleapis.com/v1/projects/areuwfo-tracker/services/firebasedataconnect.googleapis.com [omitted]
[debug] [2026-01-17T04:38:45.849Z] <<< [apiv2][status] GET https://serviceusage.googleapis.com/v1/projects/areuwfo-tracker/services/cloudfunctions.googleapis.com 200
[debug] [2026-01-17T04:38:45.850Z] <<< [apiv2][body] GET https://serviceusage.googleapis.com/v1/projects/areuwfo-tracker/services/cloudfunctions.googleapis.com [omitted]
[debug] [2026-01-17T04:38:46.104Z] <<< [apiv2][status] GET https://cloudbilling.googleapis.com/v1/projects/areuwfo-tracker/billingInfo 200
[debug] [2026-01-17T04:38:46.104Z] <<< [apiv2][body] GET https://cloudbilling.googleapis.com/v1/projects/areuwfo-tracker/billingInfo {"name":"projects/areuwfo-tracker/billingInfo","projectId":"areuwfo-tracker","billingAccountName":"","billingEnabled":false}
[debug] [2026-01-17T04:38:46.104Z] Object "" in "firebase.json" has unknown property: {"additionalProperty":"flutter"}
[debug] [2026-01-17T04:38:46.535Z] Object "" in "firebase.json" has unknown property: {"additionalProperty":"flutter"}
[error] Failed to fetch Firebase Project from Studio Workspace because WORKSPACE_SLUG environment variable is empty
[debug] [2026-01-17T04:38:46.536Z] > command requires scopes: ["email","openid","https://www.googleapis.com/auth/cloudplatformprojects.readonly","https://www.googleapis.com/auth/firebase","https://www.googleapis.com/auth/cloud-platform","https://www.googleapis.com/auth/userinfo.email"]
[debug] [2026-01-17T04:38:46.537Z] > authorizing via signed-in user (sharathsd63@gmail.com)
[debug] [2026-01-17T04:38:46.552Z] Object "" in "firebase.json" has unknown property: {"additionalProperty":"flutter"}
[error] Failed to fetch Firebase Project from Studio Workspace because WORKSPACE_SLUG environment variable is empty
[debug] [2026-01-17T04:38:46.553Z] Object "" in "firebase.json" has unknown property: {"additionalProperty":"flutter"}
[error] Failed to fetch Firebase Project from Studio Workspace because WORKSPACE_SLUG environment variable is empty
[debug] [2026-01-17T04:38:46.554Z] Object "" in "firebase.json" has unknown property: {"additionalProperty":"flutter"}
[error] Failed to fetch Firebase Project from Studio Workspace because WORKSPACE_SLUG environment variable is empty
[debug] [2026-01-17T04:38:46.557Z] > command requires scopes: ["email","openid","https://www.googleapis.com/auth/cloudplatformprojects.readonly","https://www.googleapis.com/auth/firebase","https://www.googleapis.com/auth/cloud-platform","https://www.googleapis.com/auth/userinfo.email"]
[debug] [2026-01-17T04:38:46.557Z] > authorizing via signed-in user (sharathsd63@gmail.com)
[debug] [2026-01-17T04:38:46.558Z] No OAuth tokens found
[debug] [2026-01-17T04:38:46.559Z] >>> [apiv2][query] GET https://cloudbilling.googleapis.com/v1/projects/areuwfo-tracker/billingInfo [none]
[debug] [2026-01-17T04:38:46.562Z] Object "" in "firebase.json" has unknown property: {"additionalProperty":"flutter"}
[error] Failed to fetch Firebase Project from Studio Workspace because WORKSPACE_SLUG environment variable is empty
[debug] [2026-01-17T04:38:46.563Z] Object "" in "firebase.json" has unknown property: {"additionalProperty":"flutter"}
[error] Failed to fetch Firebase Project from Studio Workspace because WORKSPACE_SLUG environment variable is empty
[debug] [2026-01-17T04:38:46.564Z] Object "" in "firebase.json" has unknown property: {"additionalProperty":"flutter"}
[error] Failed to fetch Firebase Project from Studio Workspace because WORKSPACE_SLUG environment variable is empty
[debug] [2026-01-17T04:38:46.564Z] > command requires scopes: ["email","openid","https://www.googleapis.com/auth/cloudplatformprojects.readonly","https://www.googleapis.com/auth/firebase","https://www.googleapis.com/auth/cloud-platform","https://www.googleapis.com/auth/userinfo.email"]
[debug] [2026-01-17T04:38:46.565Z] > authorizing via signed-in user (sharathsd63@gmail.com)
[debug] [2026-01-17T04:38:46.565Z] No OAuth tokens found
[debug] [2026-01-17T04:38:46.565Z] >>> [apiv2][query] GET https://cloudbilling.googleapis.com/v1/projects/areuwfo-tracker/billingInfo [none]
[debug] [2026-01-17T04:38:46.792Z] <<< [apiv2][status] GET https://cloudbilling.googleapis.com/v1/projects/areuwfo-tracker/billingInfo 200
[debug] [2026-01-17T04:38:46.792Z] <<< [apiv2][body] GET https://cloudbilling.googleapis.com/v1/projects/areuwfo-tracker/billingInfo {"name":"projects/areuwfo-tracker/billingInfo","projectId":"areuwfo-tracker","billingAccountName":"","billingEnabled":false}
[debug] [2026-01-17T04:38:46.792Z] Object "" in "firebase.json" has unknown property: {"additionalProperty":"flutter"}
[debug] [2026-01-17T04:38:46.967Z] <<< [apiv2][status] GET https://cloudbilling.googleapis.com/v1/projects/areuwfo-tracker/billingInfo 200
[debug] [2026-01-17T04:38:46.967Z] <<< [apiv2][body] GET https://cloudbilling.googleapis.com/v1/projects/areuwfo-tracker/billingInfo {"name":"projects/areuwfo-tracker/billingInfo","projectId":"areuwfo-tracker","billingAccountName":"","billingEnabled":false}
[debug] [2026-01-17T04:38:46.968Z] Object "" in "firebase.json" has unknown property: {"additionalProperty":"flutter"}
[debug] [2026-01-17T04:38:47.110Z] Object "" in "firebase.json" has unknown property: {"additionalProperty":"flutter"}
[error] Failed to fetch Firebase Project from Studio Workspace because WORKSPACE_SLUG environment variable is empty
[debug] [2026-01-17T04:38:47.111Z] > command requires scopes: ["email","openid","https://www.googleapis.com/auth/cloudplatformprojects.readonly","https://www.googleapis.com/auth/firebase","https://www.googleapis.com/auth/cloud-platform","https://www.googleapis.com/auth/userinfo.email"]
[debug] [2026-01-17T04:38:47.111Z] > authorizing via signed-in user (sharathsd63@gmail.com)
[debug] [2026-01-17T04:38:47.123Z] Object "" in "firebase.json" has unknown property: {"additionalProperty":"flutter"}
[error] Failed to fetch Firebase Project from Studio Workspace because WORKSPACE_SLUG environment variable is empty
[debug] [2026-01-17T04:38:47.124Z] > command requires scopes: ["email","openid","https://www.googleapis.com/auth/cloudplatformprojects.readonly","https://www.googleapis.com/auth/firebase","https://www.googleapis.com/auth/cloud-platform","https://www.googleapis.com/auth/userinfo.email"]
[debug] [2026-01-17T04:38:47.125Z] > authorizing via signed-in user (sharathsd63@gmail.com)
[debug] [2026-01-17T04:40:20.495Z] Object "" in "firebase.json" has unknown property: {"additionalProperty":"flutter"}
[error] Failed to fetch Firebase Project from Studio Workspace because WORKSPACE_SLUG environment variable is empty
[debug] [2026-01-17T04:40:20.500Z] Object "" in "firebase.json" has unknown property: {"additionalProperty":"flutter"}
[error] Failed to fetch Firebase Project from Studio Workspace because WORKSPACE_SLUG environment variable is empty
[debug] [2026-01-17T04:40:20.501Z] > command requires scopes: ["email","openid","https://www.googleapis.com/auth/cloudplatformprojects.readonly","https://www.googleapis.com/auth/firebase","https://www.googleapis.com/auth/cloud-platform","https://www.googleapis.com/auth/userinfo.email"]
[debug] [2026-01-17T04:40:20.502Z] > authorizing via signed-in user (sharathsd63@gmail.com)
[debug] [2026-01-17T04:40:20.503Z] No OAuth tokens found
[debug] [2026-01-17T04:40:20.504Z] No OAuth tokens found
[debug] [2026-01-17T04:40:20.504Z] > command requires scopes: ["email","openid","https://www.googleapis.com/auth/cloudplatformprojects.readonly","https://www.googleapis.com/auth/firebase","https://www.googleapis.com/auth/cloud-platform","https://www.googleapis.com/auth/userinfo.email"]
[debug] [2026-01-17T04:40:20.505Z] > authorizing via signed-in user (sharathsd63@gmail.com)
[debug] [2026-01-17T04:40:20.506Z] >>> [apiv2][query] GET https://cloudbilling.googleapis.com/v1/projects/areuwfo-tracker/billingInfo [none]
[debug] [2026-01-17T04:40:20.532Z] Object "" in "firebase.json" has unknown property: {"additionalProperty":"flutter"}
[error] Failed to fetch Firebase Project from Studio Workspace because WORKSPACE_SLUG environment variable is empty
[debug] [2026-01-17T04:40:20.533Z] Object "" in "firebase.json" has unknown property: {"additionalProperty":"flutter"}
[error] Failed to fetch Firebase Project from Studio Workspace because WORKSPACE_SLUG environment variable is empty
[debug] [2026-01-17T04:40:20.534Z] > command requires scopes: ["email","openid","https://www.googleapis.com/auth/cloudplatformprojects.readonly","https://www.googleapis.com/auth/firebase","https://www.googleapis.com/auth/cloud-platform","https://www.googleapis.com/auth/userinfo.email"]
[debug] [2026-01-17T04:40:20.534Z] > authorizing via signed-in user (sharathsd63@gmail.com)
[debug] [2026-01-17T04:40:20.534Z] No OAuth tokens found
[debug] [2026-01-17T04:40:20.534Z] No OAuth tokens found
[debug] [2026-01-17T04:40:20.534Z] > command requires scopes: ["email","openid","https://www.googleapis.com/auth/cloudplatformprojects.readonly","https://www.googleapis.com/auth/firebase","https://www.googleapis.com/auth/cloud-platform","https://www.googleapis.com/auth/userinfo.email"]
[debug] [2026-01-17T04:40:20.535Z] > authorizing via signed-in user (sharathsd63@gmail.com)
[debug] [2026-01-17T04:40:20.535Z] >>> [apiv2][query] GET https://cloudbilling.googleapis.com/v1/projects/areuwfo-tracker/billingInfo [none]
[debug] [2026-01-17T04:40:20.965Z] <<< [apiv2][status] GET https://cloudbilling.googleapis.com/v1/projects/areuwfo-tracker/billingInfo 200
[debug] [2026-01-17T04:40:20.966Z] <<< [apiv2][body] GET https://cloudbilling.googleapis.com/v1/projects/areuwfo-tracker/billingInfo {"name":"projects/areuwfo-tracker/billingInfo","projectId":"areuwfo-tracker","billingAccountName":"","billingEnabled":false}
[debug] [2026-01-17T04:40:20.966Z] Object "" in "firebase.json" has unknown property: {"additionalProperty":"flutter"}
[debug] [2026-01-17T04:40:20.974Z] No OAuth tokens found
[debug] [2026-01-17T04:40:20.974Z] No OAuth tokens found
[debug] [2026-01-17T04:40:20.974Z] > command requires scopes: ["email","openid","https://www.googleapis.com/auth/cloudplatformprojects.readonly","https://www.googleapis.com/auth/firebase","https://www.googleapis.com/auth/cloud-platform","https://www.googleapis.com/auth/userinfo.email"]
[debug] [2026-01-17T04:40:20.975Z] > authorizing via signed-in user (sharathsd63@gmail.com)
[debug] [2026-01-17T04:40:20.975Z] No OAuth tokens found
[debug] [2026-01-17T04:40:20.975Z] No OAuth tokens found
[debug] [2026-01-17T04:40:20.976Z] > command requires scopes: ["email","openid","https://www.googleapis.com/auth/cloudplatformprojects.readonly","https://www.googleapis.com/auth/firebase","https://www.googleapis.com/auth/cloud-platform","https://www.googleapis.com/auth/userinfo.email"]
[debug] [2026-01-17T04:40:20.976Z] > authorizing via signed-in user (sharathsd63@gmail.com)
[debug] [2026-01-17T04:40:20.977Z] No OAuth tokens found
[debug] [2026-01-17T04:40:20.977Z] No OAuth tokens found
[debug] [2026-01-17T04:40:20.977Z] > command requires scopes: ["email","openid","https://www.googleapis.com/auth/cloudplatformprojects.readonly","https://www.googleapis.com/auth/firebase","https://www.googleapis.com/auth/cloud-platform","https://www.googleapis.com/auth/userinfo.email"]
[debug] [2026-01-17T04:40:20.977Z] > authorizing via signed-in user (sharathsd63@gmail.com)
[debug] [2026-01-17T04:40:20.999Z] No OAuth tokens found
[debug] [2026-01-17T04:40:21.000Z] No OAuth tokens found
[debug] [2026-01-17T04:40:21.000Z] > command requires scopes: ["email","openid","https://www.googleapis.com/auth/cloudplatformprojects.readonly","https://www.googleapis.com/auth/firebase","https://www.googleapis.com/auth/cloud-platform","https://www.googleapis.com/auth/userinfo.email"]
[debug] [2026-01-17T04:40:21.000Z] > authorizing via signed-in user (sharathsd63@gmail.com)
[debug] [2026-01-17T04:40:21.001Z] No OAuth tokens found
[debug] [2026-01-17T04:40:21.001Z] No OAuth tokens found
[debug] [2026-01-17T04:40:21.001Z] > command requires scopes: ["email","openid","https://www.googleapis.com/auth/cloudplatformprojects.readonly","https://www.googleapis.com/auth/firebase","https://www.googleapis.com/auth/cloud-platform","https://www.googleapis.com/auth/userinfo.email"]
[debug] [2026-01-17T04:40:21.001Z] > authorizing via signed-in user (sharathsd63@gmail.com)
[debug] [2026-01-17T04:40:21.002Z] >>> [apiv2][query] GET https://serviceusage.googleapis.com/v1/projects/areuwfo-tracker/services/firestore.googleapis.com [none]
[debug] [2026-01-17T04:40:21.002Z] >>> [apiv2][(partial)header] GET https://serviceusage.googleapis.com/v1/projects/areuwfo-tracker/services/firestore.googleapis.com x-goog-quota-user=projects/areuwfo-tracker
[debug] [2026-01-17T04:40:21.004Z] >>> [apiv2][query] GET https://serviceusage.googleapis.com/v1/projects/areuwfo-tracker/services/firebasedataconnect.googleapis.com [none]
[debug] [2026-01-17T04:40:21.004Z] >>> [apiv2][(partial)header] GET https://serviceusage.googleapis.com/v1/projects/areuwfo-tracker/services/firebasedataconnect.googleapis.com x-goog-quota-user=projects/areuwfo-tracker
[debug] [2026-01-17T04:40:21.006Z] >>> [apiv2][query] GET https://serviceusage.googleapis.com/v1/projects/areuwfo-tracker/services/cloudfunctions.googleapis.com [none]
[debug] [2026-01-17T04:40:21.006Z] >>> [apiv2][(partial)header] GET https://serviceusage.googleapis.com/v1/projects/areuwfo-tracker/services/cloudfunctions.googleapis.com x-goog-quota-user=projects/areuwfo-tracker
[debug] [2026-01-17T04:40:21.008Z] >>> [apiv2][query] GET https://serviceusage.googleapis.com/v1/projects/areuwfo-tracker/services/firebaseapphosting.googleapis.com [none]
[debug] [2026-01-17T04:40:21.008Z] >>> [apiv2][(partial)header] GET https://serviceusage.googleapis.com/v1/projects/areuwfo-tracker/services/firebaseapphosting.googleapis.com x-goog-quota-user=projects/areuwfo-tracker
[debug] [2026-01-17T04:40:21.010Z] >>> [apiv2][query] GET https://serviceusage.googleapis.com/v1/projects/areuwfo-tracker/services/firebaseio.com [none]
[debug] [2026-01-17T04:40:21.010Z] >>> [apiv2][(partial)header] GET https://serviceusage.googleapis.com/v1/projects/areuwfo-tracker/services/firebaseio.com x-goog-quota-user=projects/areuwfo-tracker
[debug] [2026-01-17T04:40:21.153Z] <<< [apiv2][status] GET https://cloudbilling.googleapis.com/v1/projects/areuwfo-tracker/billingInfo 200
[debug] [2026-01-17T04:40:21.153Z] <<< [apiv2][body] GET https://cloudbilling.googleapis.com/v1/projects/areuwfo-tracker/billingInfo {"name":"projects/areuwfo-tracker/billingInfo","projectId":"areuwfo-tracker","billingAccountName":"","billingEnabled":false}
[debug] [2026-01-17T04:40:21.154Z] Object "" in "firebase.json" has unknown property: {"additionalProperty":"flutter"}
[debug] [2026-01-17T04:40:21.154Z] No OAuth tokens found
[debug] [2026-01-17T04:40:21.154Z] No OAuth tokens found
[debug] [2026-01-17T04:40:21.155Z] > command requires scopes: ["email","openid","https://www.googleapis.com/auth/cloudplatformprojects.readonly","https://www.googleapis.com/auth/firebase","https://www.googleapis.com/auth/cloud-platform","https://www.googleapis.com/auth/userinfo.email"]
[debug] [2026-01-17T04:40:21.155Z] > authorizing via signed-in user (sharathsd63@gmail.com)
[debug] [2026-01-17T04:40:21.155Z] No OAuth tokens found
[debug] [2026-01-17T04:40:21.155Z] No OAuth tokens found
[debug] [2026-01-17T04:40:21.155Z] > command requires scopes: ["email","openid","https://www.googleapis.com/auth/cloudplatformprojects.readonly","https://www.googleapis.com/auth/firebase","https://www.googleapis.com/auth/cloud-platform","https://www.googleapis.com/auth/userinfo.email"]
[debug] [2026-01-17T04:40:21.155Z] > authorizing via signed-in user (sharathsd63@gmail.com)
[debug] [2026-01-17T04:40:21.156Z] No OAuth tokens found
[debug] [2026-01-17T04:40:21.156Z] No OAuth tokens found
[debug] [2026-01-17T04:40:21.156Z] > command requires scopes: ["email","openid","https://www.googleapis.com/auth/cloudplatformprojects.readonly","https://www.googleapis.com/auth/firebase","https://www.googleapis.com/auth/cloud-platform","https://www.googleapis.com/auth/userinfo.email"]
[debug] [2026-01-17T04:40:21.156Z] > authorizing via signed-in user (sharathsd63@gmail.com)
[debug] [2026-01-17T04:40:21.162Z] No OAuth tokens found
[debug] [2026-01-17T04:40:21.162Z] No OAuth tokens found
[debug] [2026-01-17T04:40:21.162Z] > command requires scopes: ["email","openid","https://www.googleapis.com/auth/cloudplatformprojects.readonly","https://www.googleapis.com/auth/firebase","https://www.googleapis.com/auth/cloud-platform","https://www.googleapis.com/auth/userinfo.email"]
[debug] [2026-01-17T04:40:21.162Z] > authorizing via signed-in user (sharathsd63@gmail.com)
[debug] [2026-01-17T04:40:21.163Z] No OAuth tokens found
[debug] [2026-01-17T04:40:21.163Z] No OAuth tokens found
[debug] [2026-01-17T04:40:21.163Z] > command requires scopes: ["email","openid","https://www.googleapis.com/auth/cloudplatformprojects.readonly","https://www.googleapis.com/auth/firebase","https://www.googleapis.com/auth/cloud-platform","https://www.googleapis.com/auth/userinfo.email"]
[debug] [2026-01-17T04:40:21.163Z] > authorizing via signed-in user (sharathsd63@gmail.com)
[debug] [2026-01-17T04:40:21.163Z] >>> [apiv2][query] GET https://serviceusage.googleapis.com/v1/projects/areuwfo-tracker/services/firestore.googleapis.com [none]
[debug] [2026-01-17T04:40:21.163Z] >>> [apiv2][(partial)header] GET https://serviceusage.googleapis.com/v1/projects/areuwfo-tracker/services/firestore.googleapis.com x-goog-quota-user=projects/areuwfo-tracker
[debug] [2026-01-17T04:40:21.165Z] >>> [apiv2][query] GET https://serviceusage.googleapis.com/v1/projects/areuwfo-tracker/services/firebasedataconnect.googleapis.com [none]
[debug] [2026-01-17T04:40:21.165Z] >>> [apiv2][(partial)header] GET https://serviceusage.googleapis.com/v1/projects/areuwfo-tracker/services/firebasedataconnect.googleapis.com x-goog-quota-user=projects/areuwfo-tracker
[debug] [2026-01-17T04:40:21.172Z] >>> [apiv2][query] GET https://serviceusage.googleapis.com/v1/projects/areuwfo-tracker/services/cloudfunctions.googleapis.com [none]
[debug] [2026-01-17T04:40:21.172Z] >>> [apiv2][(partial)header] GET https://serviceusage.googleapis.com/v1/projects/areuwfo-tracker/services/cloudfunctions.googleapis.com x-goog-quota-user=projects/areuwfo-tracker
[debug] [2026-01-17T04:40:21.174Z] >>> [apiv2][query] GET https://serviceusage.googleapis.com/v1/projects/areuwfo-tracker/services/firebaseapphosting.googleapis.com [none]
[debug] [2026-01-17T04:40:21.174Z] >>> [apiv2][(partial)header] GET https://serviceusage.googleapis.com/v1/projects/areuwfo-tracker/services/firebaseapphosting.googleapis.com x-goog-quota-user=projects/areuwfo-tracker
[debug] [2026-01-17T04:40:21.176Z] >>> [apiv2][query] GET https://serviceusage.googleapis.com/v1/projects/areuwfo-tracker/services/firebaseio.com [none]
[debug] [2026-01-17T04:40:21.177Z] >>> [apiv2][(partial)header] GET https://serviceusage.googleapis.com/v1/projects/areuwfo-tracker/services/firebaseio.com x-goog-quota-user=projects/areuwfo-tracker
[debug] [2026-01-17T04:40:22.048Z] <<< [apiv2][status] GET https://serviceusage.googleapis.com/v1/projects/areuwfo-tracker/services/firebaseio.com 403
[debug] [2026-01-17T04:40:22.048Z] <<< [apiv2][body] GET https://serviceusage.googleapis.com/v1/projects/areuwfo-tracker/services/firebaseio.com [omitted]
[debug] [2026-01-17T04:40:22.092Z] <<< [apiv2][status] GET https://serviceusage.googleapis.com/v1/projects/areuwfo-tracker/services/firestore.googleapis.com 200
[debug] [2026-01-17T04:40:22.092Z] <<< [apiv2][body] GET https://serviceusage.googleapis.com/v1/projects/areuwfo-tracker/services/firestore.googleapis.com [omitted]
[debug] [2026-01-17T04:40:22.118Z] <<< [apiv2][status] GET https://serviceusage.googleapis.com/v1/projects/areuwfo-tracker/services/firebaseapphosting.googleapis.com 200
[debug] [2026-01-17T04:40:22.118Z] <<< [apiv2][body] GET https://serviceusage.googleapis.com/v1/projects/areuwfo-tracker/services/firebaseapphosting.googleapis.com [omitted]
[debug] [2026-01-17T04:40:22.119Z] <<< [apiv2][status] GET https://serviceusage.googleapis.com/v1/projects/areuwfo-tracker/services/firebasedataconnect.googleapis.com 200
[debug] [2026-01-17T04:40:22.119Z] <<< [apiv2][body] GET https://serviceusage.googleapis.com/v1/projects/areuwfo-tracker/services/firebasedataconnect.googleapis.com [omitted]
[debug] [2026-01-17T04:40:22.122Z] <<< [apiv2][status] GET https://serviceusage.googleapis.com/v1/projects/areuwfo-tracker/services/cloudfunctions.googleapis.com 200
[debug] [2026-01-17T04:40:22.122Z] <<< [apiv2][body] GET https://serviceusage.googleapis.com/v1/projects/areuwfo-tracker/services/cloudfunctions.googleapis.com [omitted]
[debug] [2026-01-17T04:40:22.227Z] <<< [apiv2][status] GET https://serviceusage.googleapis.com/v1/projects/areuwfo-tracker/services/firebasedataconnect.googleapis.com 200
[debug] [2026-01-17T04:40:22.227Z] <<< [apiv2][body] GET https://serviceusage.googleapis.com/v1/projects/areuwfo-tracker/services/firebasedataconnect.googleapis.com [omitted]
[debug] [2026-01-17T04:40:22.250Z] <<< [apiv2][status] GET https://serviceusage.googleapis.com/v1/projects/areuwfo-tracker/services/firebaseapphosting.googleapis.com 200
[debug] [2026-01-17T04:40:22.250Z] <<< [apiv2][body] GET https://serviceusage.googleapis.com/v1/projects/areuwfo-tracker/services/firebaseapphosting.googleapis.com [omitted]
[debug] [2026-01-17T04:40:22.251Z] <<< [apiv2][status] GET https://serviceusage.googleapis.com/v1/projects/areuwfo-tracker/services/firebaseio.com 403
[debug] [2026-01-17T04:40:22.251Z] <<< [apiv2][body] GET https://serviceusage.googleapis.com/v1/projects/areuwfo-tracker/services/firebaseio.com [omitted]
[debug] [2026-01-17T04:40:22.261Z] <<< [apiv2][status] GET https://serviceusage.googleapis.com/v1/projects/areuwfo-tracker/services/firestore.googleapis.com 200
[debug] [2026-01-17T04:40:22.261Z] <<< [apiv2][body] GET https://serviceusage.googleapis.com/v1/projects/areuwfo-tracker/services/firestore.googleapis.com [omitted]
[debug] [2026-01-17T04:40:22.282Z] <<< [apiv2][status] GET https://serviceusage.googleapis.com/v1/projects/areuwfo-tracker/services/cloudfunctions.googleapis.com 200
[debug] [2026-01-17T04:40:22.282Z] <<< [apiv2][body] GET https://serviceusage.googleapis.com/v1/projects/areuwfo-tracker/services/cloudfunctions.googleapis.com [omitted]
[debug] [2026-01-17T04:40:22.283Z] Object "" in "firebase.json" has unknown property: {"additionalProperty":"flutter"}
[error] Failed to fetch Firebase Project from Studio Workspace because WORKSPACE_SLUG environment variable is empty
[debug] [2026-01-17T04:40:22.284Z] Object "" in "firebase.json" has unknown property: {"additionalProperty":"flutter"}
[error] Failed to fetch Firebase Project from Studio Workspace because WORKSPACE_SLUG environment variable is empty
[debug] [2026-01-17T04:40:22.285Z] Object "" in "firebase.json" has unknown property: {"additionalProperty":"flutter"}
[error] Failed to fetch Firebase Project from Studio Workspace because WORKSPACE_SLUG environment variable is empty
[debug] [2026-01-17T04:40:22.285Z] > command requires scopes: ["email","openid","https://www.googleapis.com/auth/cloudplatformprojects.readonly","https://www.googleapis.com/auth/firebase","https://www.googleapis.com/auth/cloud-platform","https://www.googleapis.com/auth/userinfo.email"]
[debug] [2026-01-17T04:40:22.285Z] > authorizing via signed-in user (sharathsd63@gmail.com)
[debug] [2026-01-17T04:40:22.286Z] No OAuth tokens found
[debug] [2026-01-17T04:40:22.286Z] No OAuth tokens found
[debug] [2026-01-17T04:40:22.286Z] > command requires scopes: ["email","openid","https://www.googleapis.com/auth/cloudplatformprojects.readonly","https://www.googleapis.com/auth/firebase","https://www.googleapis.com/auth/cloud-platform","https://www.googleapis.com/auth/userinfo.email"]
[debug] [2026-01-17T04:40:22.286Z] > authorizing via signed-in user (sharathsd63@gmail.com)
[debug] [2026-01-17T04:40:22.286Z] >>> [apiv2][query] GET https://cloudbilling.googleapis.com/v1/projects/areuwfo-tracker/billingInfo [none]
[debug] [2026-01-17T04:40:22.513Z] <<< [apiv2][status] GET https://cloudbilling.googleapis.com/v1/projects/areuwfo-tracker/billingInfo 200
[debug] [2026-01-17T04:40:22.513Z] <<< [apiv2][body] GET https://cloudbilling.googleapis.com/v1/projects/areuwfo-tracker/billingInfo {"name":"projects/areuwfo-tracker/billingInfo","projectId":"areuwfo-tracker","billingAccountName":"","billingEnabled":false}
[debug] [2026-01-17T04:40:22.514Z] Object "" in "firebase.json" has unknown property: {"additionalProperty":"flutter"}
[debug] [2026-01-17T04:40:22.970Z] Object "" in "firebase.json" has unknown property: {"additionalProperty":"flutter"}
[error] Failed to fetch Firebase Project from Studio Workspace because WORKSPACE_SLUG environment variable is empty
[debug] [2026-01-17T04:40:22.971Z] > command requires scopes: ["email","openid","https://www.googleapis.com/auth/cloudplatformprojects.readonly","https://www.googleapis.com/auth/firebase","https://www.googleapis.com/auth/cloud-platform","https://www.googleapis.com/auth/userinfo.email"]
[debug] [2026-01-17T04:40:22.971Z] > authorizing via signed-in user (sharathsd63@gmail.com)
[debug] [2026-01-17T04:40:22.984Z] Object "" in "firebase.json" has unknown property: {"additionalProperty":"flutter"}
[error] Failed to fetch Firebase Project from Studio Workspace because WORKSPACE_SLUG environment variable is empty
[debug] [2026-01-17T04:40:22.985Z] Object "" in "firebase.json" has unknown property: {"additionalProperty":"flutter"}
[error] Failed to fetch Firebase Project from Studio Workspace because WORKSPACE_SLUG environment variable is empty
[debug] [2026-01-17T04:40:22.985Z] Object "" in "firebase.json" has unknown property: {"additionalProperty":"flutter"}
[error] Failed to fetch Firebase Project from Studio Workspace because WORKSPACE_SLUG environment variable is empty
[debug] [2026-01-17T04:40:22.986Z] > command requires scopes: ["email","openid","https://www.googleapis.com/auth/cloudplatformprojects.readonly","https://www.googleapis.com/auth/firebase","https://www.googleapis.com/auth/cloud-platform","https://www.googleapis.com/auth/userinfo.email"]
[debug] [2026-01-17T04:40:22.986Z] > authorizing via signed-in user (sharathsd63@gmail.com)
[debug] [2026-01-17T04:40:22.986Z] No OAuth tokens found
[debug] [2026-01-17T04:40:22.987Z] No OAuth tokens found
[debug] [2026-01-17T04:40:22.987Z] > command requires scopes: ["email","openid","https://www.googleapis.com/auth/cloudplatformprojects.readonly","https://www.googleapis.com/auth/firebase","https://www.googleapis.com/auth/cloud-platform","https://www.googleapis.com/auth/userinfo.email"]
[debug] [2026-01-17T04:40:22.987Z] > authorizing via signed-in user (sharathsd63@gmail.com)
[debug] [2026-01-17T04:40:22.987Z] >>> [apiv2][query] GET https://cloudbilling.googleapis.com/v1/projects/areuwfo-tracker/billingInfo [none]
[debug] [2026-01-17T04:40:22.989Z] Object "" in "firebase.json" has unknown property: {"additionalProperty":"flutter"}
[error] Failed to fetch Firebase Project from Studio Workspace because WORKSPACE_SLUG environment variable is empty
[debug] [2026-01-17T04:40:22.990Z] Object "" in "firebase.json" has unknown property: {"additionalProperty":"flutter"}
[error] Failed to fetch Firebase Project from Studio Workspace because WORKSPACE_SLUG environment variable is empty
[debug] [2026-01-17T04:40:22.991Z] Object "" in "firebase.json" has unknown property: {"additionalProperty":"flutter"}
[error] Failed to fetch Firebase Project from Studio Workspace because WORKSPACE_SLUG environment variable is empty
[debug] [2026-01-17T04:40:22.991Z] > command requires scopes: ["email","openid","https://www.googleapis.com/auth/cloudplatformprojects.readonly","https://www.googleapis.com/auth/firebase","https://www.googleapis.com/auth/cloud-platform","https://www.googleapis.com/auth/userinfo.email"]
[debug] [2026-01-17T04:40:22.992Z] > authorizing via signed-in user (sharathsd63@gmail.com)
[debug] [2026-01-17T04:40:22.992Z] No OAuth tokens found
[debug] [2026-01-17T04:40:22.992Z] No OAuth tokens found
[debug] [2026-01-17T04:40:22.992Z] > command requires scopes: ["email","openid","https://www.googleapis.com/auth/cloudplatformprojects.readonly","https://www.googleapis.com/auth/firebase","https://www.googleapis.com/auth/cloud-platform","https://www.googleapis.com/auth/userinfo.email"]
[debug] [2026-01-17T04:40:22.992Z] > authorizing via signed-in user (sharathsd63@gmail.com)
[debug] [2026-01-17T04:40:22.992Z] >>> [apiv2][query] GET https://cloudbilling.googleapis.com/v1/projects/areuwfo-tracker/billingInfo [none]
[debug] [2026-01-17T04:40:23.210Z] <<< [apiv2][status] GET https://cloudbilling.googleapis.com/v1/projects/areuwfo-tracker/billingInfo 200
[debug] [2026-01-17T04:40:23.210Z] <<< [apiv2][body] GET https://cloudbilling.googleapis.com/v1/projects/areuwfo-tracker/billingInfo {"name":"projects/areuwfo-tracker/billingInfo","projectId":"areuwfo-tracker","billingAccountName":"","billingEnabled":false}
[debug] [2026-01-17T04:40:23.211Z] Object "" in "firebase.json" has unknown property: {"additionalProperty":"flutter"}
[debug] [2026-01-17T04:40:23.504Z] <<< [apiv2][status] GET https://cloudbilling.googleapis.com/v1/projects/areuwfo-tracker/billingInfo 200
[debug] [2026-01-17T04:40:23.505Z] <<< [apiv2][body] GET https://cloudbilling.googleapis.com/v1/projects/areuwfo-tracker/billingInfo {"name":"projects/areuwfo-tracker/billingInfo","projectId":"areuwfo-tracker","billingAccountName":"","billingEnabled":false}
[debug] [2026-01-17T04:40:23.505Z] Object "" in "firebase.json" has unknown property: {"additionalProperty":"flutter"}
[debug] [2026-01-17T04:40:23.585Z] Object "" in "firebase.json" has unknown property: {"additionalProperty":"flutter"}
[error] Failed to fetch Firebase Project from Studio Workspace because WORKSPACE_SLUG environment variable is empty
[debug] [2026-01-17T04:40:23.587Z] > command requires scopes: ["email","openid","https://www.googleapis.com/auth/cloudplatformprojects.readonly","https://www.googleapis.com/auth/firebase","https://www.googleapis.com/auth/cloud-platform","https://www.googleapis.com/auth/userinfo.email"]
[debug] [2026-01-17T04:40:23.587Z] > authorizing via signed-in user (sharathsd63@gmail.com)
[debug] [2026-01-17T04:40:23.598Z] Object "" in "firebase.json" has unknown property: {"additionalProperty":"flutter"}
[error] Failed to fetch Firebase Project from Studio Workspace because WORKSPACE_SLUG environment variable is empty
[debug] [2026-01-17T04:40:23.599Z] > command requires scopes: ["email","openid","https://www.googleapis.com/auth/cloudplatformprojects.readonly","https://www.googleapis.com/auth/firebase","https://www.googleapis.com/auth/cloud-platform","https://www.googleapis.com/auth/userinfo.email"]
[debug] [2026-01-17T04:40:23.599Z] > authorizing via signed-in user (sharathsd63@gmail.com)
[debug] [2026-01-17T04:52:06.707Z] Object "" in "firebase.json" has unknown property: {"additionalProperty":"flutter"}
[error] Failed to fetch Firebase Project from Studio Workspace because WORKSPACE_SLUG environment variable is empty
[debug] [2026-01-17T04:52:06.712Z] Object "" in "firebase.json" has unknown property: {"additionalProperty":"flutter"}
[error] Failed to fetch Firebase Project from Studio Workspace because WORKSPACE_SLUG environment variable is empty
[debug] [2026-01-17T04:52:06.714Z] Object "" in "firebase.json" has unknown property: {"additionalProperty":"flutter"}
[error] Failed to fetch Firebase Project from Studio Workspace because WORKSPACE_SLUG environment variable is empty
[debug] [2026-01-17T04:52:06.715Z] Object "" in "firebase.json" has unknown property: {"additionalProperty":"flutter"}
[error] Failed to fetch Firebase Project from Studio Workspace because WORKSPACE_SLUG environment variable is empty
[debug] [2026-01-17T04:52:06.716Z] > command requires scopes: ["email","openid","https://www.googleapis.com/auth/cloudplatformprojects.readonly","https://www.googleapis.com/auth/firebase","https://www.googleapis.com/auth/cloud-platform","https://www.googleapis.com/auth/userinfo.email"]
[debug] [2026-01-17T04:52:06.717Z] > authorizing via signed-in user (sharathsd63@gmail.com)
[debug] [2026-01-17T04:52:06.718Z] No OAuth tokens found
[debug] [2026-01-17T04:52:06.719Z] No OAuth tokens found
[debug] [2026-01-17T04:52:06.719Z] > command requires scopes: ["email","openid","https://www.googleapis.com/auth/cloudplatformprojects.readonly","https://www.googleapis.com/auth/firebase","https://www.googleapis.com/auth/cloud-platform","https://www.googleapis.com/auth/userinfo.email"]
[debug] [2026-01-17T04:52:06.720Z] > authorizing via signed-in user (sharathsd63@gmail.com)
[debug] [2026-01-17T04:52:06.720Z] > command requires scopes: ["email","openid","https://www.googleapis.com/auth/cloudplatformprojects.readonly","https://www.googleapis.com/auth/firebase","https://www.googleapis.com/auth/cloud-platform","https://www.googleapis.com/auth/userinfo.email"]
[debug] [2026-01-17T04:52:06.720Z] > authorizing via signed-in user (sharathsd63@gmail.com)
[debug] [2026-01-17T04:52:06.720Z] No OAuth tokens found
[debug] [2026-01-17T04:52:06.721Z] No OAuth tokens found
[debug] [2026-01-17T04:52:06.721Z] > command requires scopes: ["email","openid","https://www.googleapis.com/auth/cloudplatformprojects.readonly","https://www.googleapis.com/auth/firebase","https://www.googleapis.com/auth/cloud-platform","https://www.googleapis.com/auth/userinfo.email"]
[debug] [2026-01-17T04:52:06.721Z] > authorizing via signed-in user (sharathsd63@gmail.com)
[debug] [2026-01-17T04:52:06.722Z] >>> [apiv2][query] GET https://cloudbilling.googleapis.com/v1/projects/areuwfo-tracker/billingInfo [none]
[debug] [2026-01-17T04:52:06.743Z] >>> [apiv2][query] GET https://cloudbilling.googleapis.com/v1/projects/areuwfo-tracker/billingInfo [none]
[debug] [2026-01-17T04:52:07.011Z] <<< [apiv2][status] GET https://cloudbilling.googleapis.com/v1/projects/areuwfo-tracker/billingInfo 200
[debug] [2026-01-17T04:52:07.011Z] <<< [apiv2][body] GET https://cloudbilling.googleapis.com/v1/projects/areuwfo-tracker/billingInfo {"name":"projects/areuwfo-tracker/billingInfo","projectId":"areuwfo-tracker","billingAccountName":"","billingEnabled":false}
[debug] [2026-01-17T04:52:07.012Z] Object "" in "firebase.json" has unknown property: {"additionalProperty":"flutter"}
[debug] [2026-01-17T04:52:07.017Z] No OAuth tokens found
[debug] [2026-01-17T04:52:07.018Z] No OAuth tokens found
[debug] [2026-01-17T04:52:07.018Z] > command requires scopes: ["email","openid","https://www.googleapis.com/auth/cloudplatformprojects.readonly","https://www.googleapis.com/auth/firebase","https://www.googleapis.com/auth/cloud-platform","https://www.googleapis.com/auth/userinfo.email"]
[debug] [2026-01-17T04:52:07.018Z] > authorizing via signed-in user (sharathsd63@gmail.com)
[debug] [2026-01-17T04:52:07.018Z] No OAuth tokens found
[debug] [2026-01-17T04:52:07.018Z] No OAuth tokens found
[debug] [2026-01-17T04:52:07.018Z] > command requires scopes: ["email","openid","https://www.googleapis.com/auth/cloudplatformprojects.readonly","https://www.googleapis.com/auth/firebase","https://www.googleapis.com/auth/cloud-platform","https://www.googleapis.com/auth/userinfo.email"]
[debug] [2026-01-17T04:52:07.018Z] > authorizing via signed-in user (sharathsd63@gmail.com)
[debug] [2026-01-17T04:52:07.019Z] No OAuth tokens found
[debug] [2026-01-17T04:52:07.019Z] No OAuth tokens found
[debug] [2026-01-17T04:52:07.019Z] > command requires scopes: ["email","openid","https://www.googleapis.com/auth/cloudplatformprojects.readonly","https://www.googleapis.com/auth/firebase","https://www.googleapis.com/auth/cloud-platform","https://www.googleapis.com/auth/userinfo.email"]
[debug] [2026-01-17T04:52:07.019Z] > authorizing via signed-in user (sharathsd63@gmail.com)
[debug] [2026-01-17T04:52:07.032Z] No OAuth tokens found
[debug] [2026-01-17T04:52:07.032Z] No OAuth tokens found
[debug] [2026-01-17T04:52:07.032Z] > command requires scopes: ["email","openid","https://www.googleapis.com/auth/cloudplatformprojects.readonly","https://www.googleapis.com/auth/firebase","https://www.googleapis.com/auth/cloud-platform","https://www.googleapis.com/auth/userinfo.email"]
[debug] [2026-01-17T04:52:07.032Z] > authorizing via signed-in user (sharathsd63@gmail.com)
[debug] [2026-01-17T04:52:07.033Z] No OAuth tokens found
[debug] [2026-01-17T04:52:07.033Z] No OAuth tokens found
[debug] [2026-01-17T04:52:07.033Z] > command requires scopes: ["email","openid","https://www.googleapis.com/auth/cloudplatformprojects.readonly","https://www.googleapis.com/auth/firebase","https://www.googleapis.com/auth/cloud-platform","https://www.googleapis.com/auth/userinfo.email"]
[debug] [2026-01-17T04:52:07.033Z] > authorizing via signed-in user (sharathsd63@gmail.com)
[debug] [2026-01-17T04:52:07.033Z] >>> [apiv2][query] GET https://serviceusage.googleapis.com/v1/projects/areuwfo-tracker/services/firestore.googleapis.com [none]
[debug] [2026-01-17T04:52:07.033Z] >>> [apiv2][(partial)header] GET https://serviceusage.googleapis.com/v1/projects/areuwfo-tracker/services/firestore.googleapis.com x-goog-quota-user=projects/areuwfo-tracker
[debug] [2026-01-17T04:52:07.035Z] >>> [apiv2][query] GET https://serviceusage.googleapis.com/v1/projects/areuwfo-tracker/services/firebasedataconnect.googleapis.com [none]
[debug] [2026-01-17T04:52:07.035Z] >>> [apiv2][(partial)header] GET https://serviceusage.googleapis.com/v1/projects/areuwfo-tracker/services/firebasedataconnect.googleapis.com x-goog-quota-user=projects/areuwfo-tracker
[debug] [2026-01-17T04:52:07.036Z] >>> [apiv2][query] GET https://serviceusage.googleapis.com/v1/projects/areuwfo-tracker/services/cloudfunctions.googleapis.com [none]
[debug] [2026-01-17T04:52:07.036Z] >>> [apiv2][(partial)header] GET https://serviceusage.googleapis.com/v1/projects/areuwfo-tracker/services/cloudfunctions.googleapis.com x-goog-quota-user=projects/areuwfo-tracker
[debug] [2026-01-17T04:52:07.037Z] >>> [apiv2][query] GET https://serviceusage.googleapis.com/v1/projects/areuwfo-tracker/services/firebaseapphosting.googleapis.com [none]
[debug] [2026-01-17T04:52:07.037Z] >>> [apiv2][(partial)header] GET https://serviceusage.googleapis.com/v1/projects/areuwfo-tracker/services/firebaseapphosting.googleapis.com x-goog-quota-user=projects/areuwfo-tracker
[debug] [2026-01-17T04:52:07.038Z] >>> [apiv2][query] GET https://serviceusage.googleapis.com/v1/projects/areuwfo-tracker/services/firebaseio.com [none]
[debug] [2026-01-17T04:52:07.038Z] >>> [apiv2][(partial)header] GET https://serviceusage.googleapis.com/v1/projects/areuwfo-tracker/services/firebaseio.com x-goog-quota-user=projects/areuwfo-tracker
[debug] [2026-01-17T04:52:07.158Z] <<< [apiv2][status] GET https://cloudbilling.googleapis.com/v1/projects/areuwfo-tracker/billingInfo 200
[debug] [2026-01-17T04:52:07.158Z] <<< [apiv2][body] GET https://cloudbilling.googleapis.com/v1/projects/areuwfo-tracker/billingInfo {"name":"projects/areuwfo-tracker/billingInfo","projectId":"areuwfo-tracker","billingAccountName":"","billingEnabled":false}
[debug] [2026-01-17T04:52:07.158Z] Object "" in "firebase.json" has unknown property: {"additionalProperty":"flutter"}
[debug] [2026-01-17T04:52:07.159Z] No OAuth tokens found
[debug] [2026-01-17T04:52:07.159Z] No OAuth tokens found
[debug] [2026-01-17T04:52:07.159Z] > command requires scopes: ["email","openid","https://www.googleapis.com/auth/cloudplatformprojects.readonly","https://www.googleapis.com/auth/firebase","https://www.googleapis.com/auth/cloud-platform","https://www.googleapis.com/auth/userinfo.email"]
[debug] [2026-01-17T04:52:07.159Z] > authorizing via signed-in user (sharathsd63@gmail.com)
[debug] [2026-01-17T04:52:07.159Z] No OAuth tokens found
[debug] [2026-01-17T04:52:07.159Z] No OAuth tokens found
[debug] [2026-01-17T04:52:07.159Z] > command requires scopes: ["email","openid","https://www.googleapis.com/auth/cloudplatformprojects.readonly","https://www.googleapis.com/auth/firebase","https://www.googleapis.com/auth/cloud-platform","https://www.googleapis.com/auth/userinfo.email"]
[debug] [2026-01-17T04:52:07.160Z] > authorizing via signed-in user (sharathsd63@gmail.com)
[debug] [2026-01-17T04:52:07.160Z] No OAuth tokens found
[debug] [2026-01-17T04:52:07.160Z] No OAuth tokens found
[debug] [2026-01-17T04:52:07.160Z] > command requires scopes: ["email","openid","https://www.googleapis.com/auth/cloudplatformprojects.readonly","https://www.googleapis.com/auth/firebase","https://www.googleapis.com/auth/cloud-platform","https://www.googleapis.com/auth/userinfo.email"]
[debug] [2026-01-17T04:52:07.160Z] > authorizing via signed-in user (sharathsd63@gmail.com)
[debug] [2026-01-17T04:52:07.165Z] No OAuth tokens found
[debug] [2026-01-17T04:52:07.165Z] No OAuth tokens found
[debug] [2026-01-17T04:52:07.165Z] > command requires scopes: ["email","openid","https://www.googleapis.com/auth/cloudplatformprojects.readonly","https://www.googleapis.com/auth/firebase","https://www.googleapis.com/auth/cloud-platform","https://www.googleapis.com/auth/userinfo.email"]
[debug] [2026-01-17T04:52:07.165Z] > authorizing via signed-in user (sharathsd63@gmail.com)
[debug] [2026-01-17T04:52:07.166Z] No OAuth tokens found
[debug] [2026-01-17T04:52:07.166Z] No OAuth tokens found
[debug] [2026-01-17T04:52:07.166Z] > command requires scopes: ["email","openid","https://www.googleapis.com/auth/cloudplatformprojects.readonly","https://www.googleapis.com/auth/firebase","https://www.googleapis.com/auth/cloud-platform","https://www.googleapis.com/auth/userinfo.email"]
[debug] [2026-01-17T04:52:07.166Z] > authorizing via signed-in user (sharathsd63@gmail.com)
[debug] [2026-01-17T04:52:07.166Z] >>> [apiv2][query] GET https://serviceusage.googleapis.com/v1/projects/areuwfo-tracker/services/firestore.googleapis.com [none]
[debug] [2026-01-17T04:52:07.166Z] >>> [apiv2][(partial)header] GET https://serviceusage.googleapis.com/v1/projects/areuwfo-tracker/services/firestore.googleapis.com x-goog-quota-user=projects/areuwfo-tracker
[debug] [2026-01-17T04:52:07.168Z] >>> [apiv2][query] GET https://serviceusage.googleapis.com/v1/projects/areuwfo-tracker/services/firebasedataconnect.googleapis.com [none]
[debug] [2026-01-17T04:52:07.168Z] >>> [apiv2][(partial)header] GET https://serviceusage.googleapis.com/v1/projects/areuwfo-tracker/services/firebasedataconnect.googleapis.com x-goog-quota-user=projects/areuwfo-tracker
[debug] [2026-01-17T04:52:07.170Z] >>> [apiv2][query] GET https://serviceusage.googleapis.com/v1/projects/areuwfo-tracker/services/cloudfunctions.googleapis.com [none]
[debug] [2026-01-17T04:52:07.170Z] >>> [apiv2][(partial)header] GET https://serviceusage.googleapis.com/v1/projects/areuwfo-tracker/services/cloudfunctions.googleapis.com x-goog-quota-user=projects/areuwfo-tracker
[debug] [2026-01-17T04:52:07.171Z] >>> [apiv2][query] GET https://serviceusage.googleapis.com/v1/projects/areuwfo-tracker/services/firebaseapphosting.googleapis.com [none]
[debug] [2026-01-17T04:52:07.171Z] >>> [apiv2][(partial)header] GET https://serviceusage.googleapis.com/v1/projects/areuwfo-tracker/services/firebaseapphosting.googleapis.com x-goog-quota-user=projects/areuwfo-tracker
[debug] [2026-01-17T04:52:07.172Z] >>> [apiv2][query] GET https://serviceusage.googleapis.com/v1/projects/areuwfo-tracker/services/firebaseio.com [none]
[debug] [2026-01-17T04:52:07.172Z] >>> [apiv2][(partial)header] GET https://serviceusage.googleapis.com/v1/projects/areuwfo-tracker/services/firebaseio.com x-goog-quota-user=projects/areuwfo-tracker
[debug] [2026-01-17T04:52:08.075Z] <<< [apiv2][status] GET https://serviceusage.googleapis.com/v1/projects/areuwfo-tracker/services/firebasedataconnect.googleapis.com 200
[debug] [2026-01-17T04:52:08.075Z] <<< [apiv2][body] GET https://serviceusage.googleapis.com/v1/projects/areuwfo-tracker/services/firebasedataconnect.googleapis.com [omitted]
[debug] [2026-01-17T04:52:08.077Z] <<< [apiv2][status] GET https://serviceusage.googleapis.com/v1/projects/areuwfo-tracker/services/firestore.googleapis.com 200
[debug] [2026-01-17T04:52:08.077Z] <<< [apiv2][body] GET https://serviceusage.googleapis.com/v1/projects/areuwfo-tracker/services/firestore.googleapis.com [omitted]
[debug] [2026-01-17T04:52:08.082Z] <<< [apiv2][status] GET https://serviceusage.googleapis.com/v1/projects/areuwfo-tracker/services/firebaseapphosting.googleapis.com 200
[debug] [2026-01-17T04:52:08.083Z] <<< [apiv2][body] GET https://serviceusage.googleapis.com/v1/projects/areuwfo-tracker/services/firebaseapphosting.googleapis.com [omitted]
[debug] [2026-01-17T04:52:08.085Z] <<< [apiv2][status] GET https://serviceusage.googleapis.com/v1/projects/areuwfo-tracker/services/firebaseio.com 403
[debug] [2026-01-17T04:52:08.086Z] <<< [apiv2][body] GET https://serviceusage.googleapis.com/v1/projects/areuwfo-tracker/services/firebaseio.com [omitted]
[debug] [2026-01-17T04:52:08.109Z] <<< [apiv2][status] GET https://serviceusage.googleapis.com/v1/projects/areuwfo-tracker/services/cloudfunctions.googleapis.com 200
[debug] [2026-01-17T04:52:08.109Z] <<< [apiv2][body] GET https://serviceusage.googleapis.com/v1/projects/areuwfo-tracker/services/cloudfunctions.googleapis.com [omitted]
[debug] [2026-01-17T04:52:08.173Z] <<< [apiv2][status] GET https://serviceusage.googleapis.com/v1/projects/areuwfo-tracker/services/firebasedataconnect.googleapis.com 200
[debug] [2026-01-17T04:52:08.174Z] <<< [apiv2][body] GET https://serviceusage.googleapis.com/v1/projects/areuwfo-tracker/services/firebasedataconnect.googleapis.com [omitted]
[debug] [2026-01-17T04:52:08.175Z] <<< [apiv2][status] GET https://serviceusage.googleapis.com/v1/projects/areuwfo-tracker/services/firestore.googleapis.com 200
[debug] [2026-01-17T04:52:08.175Z] <<< [apiv2][body] GET https://serviceusage.googleapis.com/v1/projects/areuwfo-tracker/services/firestore.googleapis.com [omitted]
[debug] [2026-01-17T04:52:08.201Z] <<< [apiv2][status] GET https://serviceusage.googleapis.com/v1/projects/areuwfo-tracker/services/firebaseio.com 403
[debug] [2026-01-17T04:52:08.201Z] <<< [apiv2][body] GET https://serviceusage.googleapis.com/v1/projects/areuwfo-tracker/services/firebaseio.com [omitted]
[debug] [2026-01-17T04:52:08.472Z] <<< [apiv2][status] GET https://serviceusage.googleapis.com/v1/projects/areuwfo-tracker/services/firebaseapphosting.googleapis.com 200
[debug] [2026-01-17T04:52:08.472Z] <<< [apiv2][body] GET https://serviceusage.googleapis.com/v1/projects/areuwfo-tracker/services/firebaseapphosting.googleapis.com [omitted]
[debug] [2026-01-17T04:52:08.482Z] <<< [apiv2][status] GET https://serviceusage.googleapis.com/v1/projects/areuwfo-tracker/services/cloudfunctions.googleapis.com 200
[debug] [2026-01-17T04:52:08.482Z] <<< [apiv2][body] GET https://serviceusage.googleapis.com/v1/projects/areuwfo-tracker/services/cloudfunctions.googleapis.com [omitted]
[debug] [2026-01-17T04:52:08.482Z] Object "" in "firebase.json" has unknown property: {"additionalProperty":"flutter"}
[error] Failed to fetch Firebase Project from Studio Workspace because WORKSPACE_SLUG environment variable is empty
[debug] [2026-01-17T04:52:08.484Z] Object "" in "firebase.json" has unknown property: {"additionalProperty":"flutter"}
[error] Failed to fetch Firebase Project from Studio Workspace because WORKSPACE_SLUG environment variable is empty
[debug] [2026-01-17T04:52:08.485Z] Object "" in "firebase.json" has unknown property: {"additionalProperty":"flutter"}
[error] Failed to fetch Firebase Project from Studio Workspace because WORKSPACE_SLUG environment variable is empty
[debug] [2026-01-17T04:52:08.486Z] > command requires scopes: ["email","openid","https://www.googleapis.com/auth/cloudplatformprojects.readonly","https://www.googleapis.com/auth/firebase","https://www.googleapis.com/auth/cloud-platform","https://www.googleapis.com/auth/userinfo.email"]
[debug] [2026-01-17T04:52:08.486Z] > authorizing via signed-in user (sharathsd63@gmail.com)
[debug] [2026-01-17T04:52:08.488Z] No OAuth tokens found
[debug] [2026-01-17T04:52:08.488Z] No OAuth tokens found
[debug] [2026-01-17T04:52:08.488Z] > command requires scopes: ["email","openid","https://www.googleapis.com/auth/cloudplatformprojects.readonly","https://www.googleapis.com/auth/firebase","https://www.googleapis.com/auth/cloud-platform","https://www.googleapis.com/auth/userinfo.email"]
[debug] [2026-01-17T04:52:08.488Z] > authorizing via signed-in user (sharathsd63@gmail.com)
[debug] [2026-01-17T04:52:08.488Z] >>> [apiv2][query] GET https://cloudbilling.googleapis.com/v1/projects/areuwfo-tracker/billingInfo [none]
[debug] [2026-01-17T04:52:08.715Z] <<< [apiv2][status] GET https://cloudbilling.googleapis.com/v1/projects/areuwfo-tracker/billingInfo 200
[debug] [2026-01-17T04:52:08.715Z] <<< [apiv2][body] GET https://cloudbilling.googleapis.com/v1/projects/areuwfo-tracker/billingInfo {"name":"projects/areuwfo-tracker/billingInfo","projectId":"areuwfo-tracker","billingAccountName":"","billingEnabled":false}
[debug] [2026-01-17T04:52:08.715Z] Object "" in "firebase.json" has unknown property: {"additionalProperty":"flutter"}
[debug] [2026-01-17T04:52:08.988Z] Object "" in "firebase.json" has unknown property: {"additionalProperty":"flutter"}
[error] Failed to fetch Firebase Project from Studio Workspace because WORKSPACE_SLUG environment variable is empty
[debug] [2026-01-17T04:52:08.989Z] > command requires scopes: ["email","openid","https://www.googleapis.com/auth/cloudplatformprojects.readonly","https://www.googleapis.com/auth/firebase","https://www.googleapis.com/auth/cloud-platform","https://www.googleapis.com/auth/userinfo.email"]
[debug] [2026-01-17T04:52:08.989Z] > authorizing via signed-in user (sharathsd63@gmail.com)
[debug] [2026-01-17T04:52:09.002Z] Object "" in "firebase.json" has unknown property: {"additionalProperty":"flutter"}
[error] Failed to fetch Firebase Project from Studio Workspace because WORKSPACE_SLUG environment variable is empty
[debug] [2026-01-17T04:52:09.003Z] Object "" in "firebase.json" has unknown property: {"additionalProperty":"flutter"}
[error] Failed to fetch Firebase Project from Studio Workspace because WORKSPACE_SLUG environment variable is empty
[debug] [2026-01-17T04:52:09.004Z] Object "" in "firebase.json" has unknown property: {"additionalProperty":"flutter"}
[error] Failed to fetch Firebase Project from Studio Workspace because WORKSPACE_SLUG environment variable is empty
[debug] [2026-01-17T04:52:09.004Z] > command requires scopes: ["email","openid","https://www.googleapis.com/auth/cloudplatformprojects.readonly","https://www.googleapis.com/auth/firebase","https://www.googleapis.com/auth/cloud-platform","https://www.googleapis.com/auth/userinfo.email"]
[debug] [2026-01-17T04:52:09.004Z] > authorizing via signed-in user (sharathsd63@gmail.com)
[debug] [2026-01-17T04:52:09.005Z] No OAuth tokens found
[debug] [2026-01-17T04:52:09.005Z] No OAuth tokens found
[debug] [2026-01-17T04:52:09.005Z] > command requires scopes: ["email","openid","https://www.googleapis.com/auth/cloudplatformprojects.readonly","https://www.googleapis.com/auth/firebase","https://www.googleapis.com/auth/cloud-platform","https://www.googleapis.com/auth/userinfo.email"]
[debug] [2026-01-17T04:52:09.005Z] > authorizing via signed-in user (sharathsd63@gmail.com)
[debug] [2026-01-17T04:52:09.005Z] >>> [apiv2][query] GET https://cloudbilling.googleapis.com/v1/projects/areuwfo-tracker/billingInfo [none]
[debug] [2026-01-17T04:52:09.008Z] Object "" in "firebase.json" has unknown property: {"additionalProperty":"flutter"}
[error] Failed to fetch Firebase Project from Studio Workspace because WORKSPACE_SLUG environment variable is empty
[debug] [2026-01-17T04:52:09.009Z] Object "" in "firebase.json" has unknown property: {"additionalProperty":"flutter"}
[error] Failed to fetch Firebase Project from Studio Workspace because WORKSPACE_SLUG environment variable is empty
[debug] [2026-01-17T04:52:09.009Z] Object "" in "firebase.json" has unknown property: {"additionalProperty":"flutter"}
[error] Failed to fetch Firebase Project from Studio Workspace because WORKSPACE_SLUG environment variable is empty
[debug] [2026-01-17T04:52:09.010Z] > command requires scopes: ["email","openid","https://www.googleapis.com/auth/cloudplatformprojects.readonly","https://www.googleapis.com/auth/firebase","https://www.googleapis.com/auth/cloud-platform","https://www.googleapis.com/auth/userinfo.email"]
[debug] [2026-01-17T04:52:09.010Z] > authorizing via signed-in user (sharathsd63@gmail.com)
[debug] [2026-01-17T04:52:09.010Z] No OAuth tokens found
[debug] [2026-01-17T04:52:09.010Z] No OAuth tokens found
[debug] [2026-01-17T04:52:09.010Z] > command requires scopes: ["email","openid","https://www.googleapis.com/auth/cloudplatformprojects.readonly","https://www.googleapis.com/auth/firebase","https://www.googleapis.com/auth/cloud-platform","https://www.googleapis.com/auth/userinfo.email"]
[debug] [2026-01-17T04:52:09.010Z] > authorizing via signed-in user (sharathsd63@gmail.com)
[debug] [2026-01-17T04:52:09.010Z] >>> [apiv2][query] GET https://cloudbilling.googleapis.com/v1/projects/areuwfo-tracker/billingInfo [none]
[debug] [2026-01-17T04:52:09.420Z] <<< [apiv2][status] GET https://cloudbilling.googleapis.com/v1/projects/areuwfo-tracker/billingInfo 200
[debug] [2026-01-17T04:52:09.420Z] <<< [apiv2][body] GET https://cloudbilling.googleapis.com/v1/projects/areuwfo-tracker/billingInfo {"name":"projects/areuwfo-tracker/billingInfo","projectId":"areuwfo-tracker","billingAccountName":"","billingEnabled":false}
[debug] [2026-01-17T04:52:09.422Z] Object "" in "firebase.json" has unknown property: {"additionalProperty":"flutter"}
[debug] [2026-01-17T04:52:09.605Z] Object "" in "firebase.json" has unknown property: {"additionalProperty":"flutter"}
[error] Failed to fetch Firebase Project from Studio Workspace because WORKSPACE_SLUG environment variable is empty
[debug] [2026-01-17T04:52:09.606Z] > command requires scopes: ["email","openid","https://www.googleapis.com/auth/cloudplatformprojects.readonly","https://www.googleapis.com/auth/firebase","https://www.googleapis.com/auth/cloud-platform","https://www.googleapis.com/auth/userinfo.email"]
[debug] [2026-01-17T04:52:09.606Z] > authorizing via signed-in user (sharathsd63@gmail.com)
[debug] [2026-01-17T04:52:10.062Z] <<< [apiv2][status] GET https://cloudbilling.googleapis.com/v1/projects/areuwfo-tracker/billingInfo 200
[debug] [2026-01-17T04:52:10.062Z] <<< [apiv2][body] GET https://cloudbilling.googleapis.com/v1/projects/areuwfo-tracker/billingInfo {"name":"projects/areuwfo-tracker/billingInfo","projectId":"areuwfo-tracker","billingAccountName":"","billingEnabled":false}
[debug] [2026-01-17T04:52:10.062Z] Object "" in "firebase.json" has unknown property: {"additionalProperty":"flutter"}
[debug] [2026-01-17T04:52:10.090Z] Object "" in "firebase.json" has unknown property: {"additionalProperty":"flutter"}
[error] Failed to fetch Firebase Project from Studio Workspace because WORKSPACE_SLUG environment variable is empty
[debug] [2026-01-17T04:52:10.091Z] > command requires scopes: ["email","openid","https://www.googleapis.com/auth/cloudplatformprojects.readonly","https://www.googleapis.com/auth/firebase","https://www.googleapis.com/auth/cloud-platform","https://www.googleapis.com/auth/userinfo.email"]
[debug] [2026-01-17T04:52:10.091Z] > authorizing via signed-in user (sharathsd63@gmail.com)
[debug] [2026-01-17T04:52:12.430Z] Object "" in "firebase.json" has unknown property: {"additionalProperty":"flutter"}
[error] Failed to fetch Firebase Project from Studio Workspace because WORKSPACE_SLUG environment variable is empty
[debug] [2026-01-17T04:52:12.431Z] Object "" in "firebase.json" has unknown property: {"additionalProperty":"flutter"}
[error] Failed to fetch Firebase Project from Studio Workspace because WORKSPACE_SLUG environment variable is empty
[debug] [2026-01-17T04:52:12.431Z] Object "" in "firebase.json" has unknown property: {"additionalProperty":"flutter"}
[error] Failed to fetch Firebase Project from Studio Workspace because WORKSPACE_SLUG environment variable is empty
[debug] [2026-01-17T04:52:12.432Z] Object "" in "firebase.json" has unknown property: {"additionalProperty":"flutter"}
[error] Failed to fetch Firebase Project from Studio Workspace because WORKSPACE_SLUG environment variable is empty
[debug] [2026-01-17T04:52:12.433Z] Object "" in "firebase.json" has unknown property: {"additionalProperty":"flutter"}
[error] Failed to fetch Firebase Project from Studio Workspace because WORKSPACE_SLUG environment variable is empty
[debug] [2026-01-17T04:52:12.433Z] Object "" in "firebase.json" has unknown property: {"additionalProperty":"flutter"}
[error] Failed to fetch Firebase Project from Studio Workspace because WORKSPACE_SLUG environment variable is empty
[debug] [2026-01-17T04:52:12.434Z] > command requires scopes: ["email","openid","https://www.googleapis.com/auth/cloudplatformprojects.readonly","https://www.googleapis.com/auth/firebase","https://www.googleapis.com/auth/cloud-platform","https://www.googleapis.com/auth/userinfo.email"]
[debug] [2026-01-17T04:52:12.434Z] > authorizing via signed-in user (sharathsd63@gmail.com)
[debug] [2026-01-17T04:52:12.434Z] > command requires scopes: ["email","openid","https://www.googleapis.com/auth/cloudplatformprojects.readonly","https://www.googleapis.com/auth/firebase","https://www.googleapis.com/auth/cloud-platform","https://www.googleapis.com/auth/userinfo.email"]
[debug] [2026-01-17T04:52:12.434Z] > authorizing via signed-in user (sharathsd63@gmail.com)
[debug] [2026-01-17T04:52:12.434Z] No OAuth tokens found
[debug] [2026-01-17T04:52:12.435Z] No OAuth tokens found
[debug] [2026-01-17T04:52:12.435Z] > command requires scopes: ["email","openid","https://www.googleapis.com/auth/cloudplatformprojects.readonly","https://www.googleapis.com/auth/firebase","https://www.googleapis.com/auth/cloud-platform","https://www.googleapis.com/auth/userinfo.email"]
[debug] [2026-01-17T04:52:12.435Z] > authorizing via signed-in user (sharathsd63@gmail.com)
[debug] [2026-01-17T04:52:12.435Z] No OAuth tokens found
[debug] [2026-01-17T04:52:12.435Z] No OAuth tokens found
[debug] [2026-01-17T04:52:12.435Z] > command requires scopes: ["email","openid","https://www.googleapis.com/auth/cloudplatformprojects.readonly","https://www.googleapis.com/auth/firebase","https://www.googleapis.com/auth/cloud-platform","https://www.googleapis.com/auth/userinfo.email"]
[debug] [2026-01-17T04:52:12.435Z] > authorizing via signed-in user (sharathsd63@gmail.com)
[debug] [2026-01-17T04:52:12.435Z] >>> [apiv2][query] GET https://cloudbilling.googleapis.com/v1/projects/areuwfo-tracker/billingInfo [none]
[debug] [2026-01-17T04:52:12.436Z] >>> [apiv2][query] GET https://cloudbilling.googleapis.com/v1/projects/areuwfo-tracker/billingInfo [none]
[debug] [2026-01-17T04:52:12.655Z] <<< [apiv2][status] GET https://cloudbilling.googleapis.com/v1/projects/areuwfo-tracker/billingInfo 200
[debug] [2026-01-17T04:52:12.655Z] <<< [apiv2][body] GET https://cloudbilling.googleapis.com/v1/projects/areuwfo-tracker/billingInfo {"name":"projects/areuwfo-tracker/billingInfo","projectId":"areuwfo-tracker","billingAccountName":"","billingEnabled":false}
[debug] [2026-01-17T04:52:12.655Z] Object "" in "firebase.json" has unknown property: {"additionalProperty":"flutter"}
[debug] [2026-01-17T04:52:12.681Z] Object "" in "firebase.json" has unknown property: {"additionalProperty":"flutter"}
[error] Failed to fetch Firebase Project from Studio Workspace because WORKSPACE_SLUG environment variable is empty
[debug] [2026-01-17T04:52:12.682Z] > command requires scopes: ["email","openid","https://www.googleapis.com/auth/cloudplatformprojects.readonly","https://www.googleapis.com/auth/firebase","https://www.googleapis.com/auth/cloud-platform","https://www.googleapis.com/auth/userinfo.email"]
[debug] [2026-01-17T04:52:12.682Z] > authorizing via signed-in user (sharathsd63@gmail.com)
[debug] [2026-01-17T04:52:13.545Z] <<< [apiv2][status] GET https://cloudbilling.googleapis.com/v1/projects/areuwfo-tracker/billingInfo 200
[debug] [2026-01-17T04:52:13.545Z] <<< [apiv2][body] GET https://cloudbilling.googleapis.com/v1/projects/areuwfo-tracker/billingInfo {"name":"projects/areuwfo-tracker/billingInfo","projectId":"areuwfo-tracker","billingAccountName":"","billingEnabled":false}
[debug] [2026-01-17T04:52:13.545Z] Object "" in "firebase.json" has unknown property: {"additionalProperty":"flutter"}
[debug] [2026-01-17T04:52:13.736Z] Object "" in "firebase.json" has unknown property: {"additionalProperty":"flutter"}
[error] Failed to fetch Firebase Project from Studio Workspace because WORKSPACE_SLUG environment variable is empty
[debug] [2026-01-17T04:52:13.737Z] > command requires scopes: ["email","openid","https://www.googleapis.com/auth/cloudplatformprojects.readonly","https://www.googleapis.com/auth/firebase","https://www.googleapis.com/auth/cloud-platform","https://www.googleapis.com/auth/userinfo.email"]
[debug] [2026-01-17T04:52:13.737Z] > authorizing via signed-in user (sharathsd63@gmail.com)
[debug] [2026-01-17T05:51:34.743Z] Object "" in "firebase.json" has unknown property: {"additionalProperty":"flutter"}
[error] Failed to fetch Firebase Project from Studio Workspace because WORKSPACE_SLUG environment variable is empty
[debug] [2026-01-17T05:51:34.744Z] Object "" in "firebase.json" has unknown property: {"additionalProperty":"flutter"}
[error] Failed to fetch Firebase Project from Studio Workspace because WORKSPACE_SLUG environment variable is empty
[debug] [2026-01-17T05:51:34.745Z] > command requires scopes: ["email","openid","https://www.googleapis.com/auth/cloudplatformprojects.readonly","https://www.googleapis.com/auth/firebase","https://www.googleapis.com/auth/cloud-platform","https://www.googleapis.com/auth/userinfo.email"]
[debug] [2026-01-17T05:51:42.382Z] Running auto auth
[debug] [2026-01-17T05:51:42.396Z] No OAuth tokens found
[debug] [2026-01-17T05:51:42.397Z] >>> [apiv2][query] GET https://cloudbilling.googleapis.com/v1/projects/areuwfo-tracker/billingInfo [none]
[debug] [2026-01-17T05:51:43.476Z] <<< [apiv2][status] GET https://cloudbilling.googleapis.com/v1/projects/areuwfo-tracker/billingInfo 200
[debug] [2026-01-17T05:51:43.476Z] <<< [apiv2][body] GET https://cloudbilling.googleapis.com/v1/projects/areuwfo-tracker/billingInfo {"name":"projects/areuwfo-tracker/billingInfo","projectId":"areuwfo-tracker","billingAccountName":"","billingEnabled":false}
[debug] [2026-01-17T05:51:43.476Z] Object "" in "firebase.json" has unknown property: {"additionalProperty":"flutter"}
[debug] [2026-01-17T05:51:43.766Z] Object "" in "firebase.json" has unknown property: {"additionalProperty":"flutter"}
[error] Failed to fetch Firebase Project from Studio Workspace because WORKSPACE_SLUG environment variable is empty
[debug] [2026-01-17T05:51:43.767Z] Object "" in "firebase.json" has unknown property: {"additionalProperty":"flutter"}
[error] Failed to fetch Firebase Project from Studio Workspace because WORKSPACE_SLUG environment variable is empty
[debug] [2026-01-17T05:51:43.768Z] > command requires scopes: ["email","openid","https://www.googleapis.com/auth/cloudplatformprojects.readonly","https://www.googleapis.com/auth/firebase","https://www.googleapis.com/auth/cloud-platform","https://www.googleapis.com/auth/userinfo.email"]
[debug] [2026-01-17T05:51:43.768Z] > authorizing via signed-in user (sharathsd63@gmail.com)
[debug] [2026-01-17T05:51:43.768Z] No OAuth tokens found
[debug] [2026-01-17T05:51:43.769Z] >>> [apiv2][query] GET https://cloudbilling.googleapis.com/v1/projects/areuwfo-tracker/billingInfo [none]
[debug] [2026-01-17T05:51:44.019Z] <<< [apiv2][status] GET https://cloudbilling.googleapis.com/v1/projects/areuwfo-tracker/billingInfo 200
[debug] [2026-01-17T05:51:44.020Z] <<< [apiv2][body] GET https://cloudbilling.googleapis.com/v1/projects/areuwfo-tracker/billingInfo {"name":"projects/areuwfo-tracker/billingInfo","projectId":"areuwfo-tracker","billingAccountName":"","billingEnabled":false}
[debug] [2026-01-17T05:51:44.020Z] Object "" in "firebase.json" has unknown property: {"additionalProperty":"flutter"}
[debug] [2026-01-17T05:51:44.021Z] No OAuth tokens found
[debug] [2026-01-17T05:51:44.022Z] >>> [apiv2][query] GET https://firebase.googleapis.com/v1beta1/projects/areuwfo-tracker/androidApps pageSize=100
[debug] [2026-01-17T05:51:44.361Z] <<< [apiv2][status] GET https://firebase.googleapis.com/v1beta1/projects/areuwfo-tracker/androidApps 200
[debug] [2026-01-17T05:51:44.361Z] <<< [apiv2][body] GET https://firebase.googleapis.com/v1beta1/projects/areuwfo-tracker/androidApps {"apps":[{"name":"projects/areuwfo-tracker/androidApps/1:15697676186:android:a9d018e500beb4fd9c1c23","appId":"1:15697676186:android:a9d018e500beb4fd9c1c23","displayName":"myapp (android)","projectId":"areuwfo-tracker","packageName":"com.example.myapp","apiKeyId":"9ab519a1-7964-4471-b4ec-f6505164363b","state":"ACTIVE","expireTime":"1970-01-01T00:00:00Z","etag":"1_2c9bb0b8-a2d3-46f1-9338-a4a4e9d03dae"}]}
[debug] [2026-01-17T05:51:51.439Z] Object "" in "firebase.json" has unknown property: {"additionalProperty":"flutter"}
[error] Failed to fetch Firebase Project from Studio Workspace because WORKSPACE_SLUG environment variable is empty
[debug] [2026-01-17T05:51:51.440Z] Object "" in "firebase.json" has unknown property: {"additionalProperty":"flutter"}
[error] Failed to fetch Firebase Project from Studio Workspace because WORKSPACE_SLUG environment variable is empty
[debug] [2026-01-17T05:51:51.440Z] > command requires scopes: ["email","openid","https://www.googleapis.com/auth/cloudplatformprojects.readonly","https://www.googleapis.com/auth/firebase","https://www.googleapis.com/auth/cloud-platform","https://www.googleapis.com/auth/userinfo.email"]
[debug] [2026-01-17T05:51:51.440Z] > authorizing via signed-in user (sharathsd63@gmail.com)
[debug] [2026-01-17T05:51:51.441Z] No OAuth tokens found
[debug] [2026-01-17T05:51:51.441Z] >>> [apiv2][query] GET https://cloudbilling.googleapis.com/v1/projects/areuwfo-tracker/billingInfo [none]
[debug] [2026-01-17T05:51:51.672Z] <<< [apiv2][status] GET https://cloudbilling.googleapis.com/v1/projects/areuwfo-tracker/billingInfo 200
[debug] [2026-01-17T05:51:51.672Z] <<< [apiv2][body] GET https://cloudbilling.googleapis.com/v1/projects/areuwfo-tracker/billingInfo {"name":"projects/areuwfo-tracker/billingInfo","projectId":"areuwfo-tracker","billingAccountName":"","billingEnabled":false}
[debug] [2026-01-17T05:51:51.673Z] Object "" in "firebase.json" has unknown property: {"additionalProperty":"flutter"}
[debug] [2026-01-17T05:51:51.848Z] Object "" in "firebase.json" has unknown property: {"additionalProperty":"flutter"}
[error] Failed to fetch Firebase Project from Studio Workspace because WORKSPACE_SLUG environment variable is empty
[debug] [2026-01-17T05:51:51.849Z] Object "" in "firebase.json" has unknown property: {"additionalProperty":"flutter"}
[error] Failed to fetch Firebase Project from Studio Workspace because WORKSPACE_SLUG environment variable is empty
[debug] [2026-01-17T05:51:51.849Z] > command requires scopes: ["email","openid","https://www.googleapis.com/auth/cloudplatformprojects.readonly","https://www.googleapis.com/auth/firebase","https://www.googleapis.com/auth/cloud-platform","https://www.googleapis.com/auth/userinfo.email"]
[debug] [2026-01-17T05:51:51.849Z] > authorizing via signed-in user (sharathsd63@gmail.com)
[debug] [2026-01-17T05:51:51.850Z] No OAuth tokens found
[debug] [2026-01-17T05:51:51.850Z] >>> [apiv2][query] GET https://cloudbilling.googleapis.com/v1/projects/areuwfo-tracker/billingInfo [none]
[debug] [2026-01-17T05:51:52.075Z] <<< [apiv2][status] GET https://cloudbilling.googleapis.com/v1/projects/areuwfo-tracker/billingInfo 200
[debug] [2026-01-17T05:51:52.075Z] <<< [apiv2][body] GET https://cloudbilling.googleapis.com/v1/projects/areuwfo-tracker/billingInfo {"name":"projects/areuwfo-tracker/billingInfo","projectId":"areuwfo-tracker","billingAccountName":"","billingEnabled":false}
[debug] [2026-01-17T05:51:52.075Z] Object "" in "firebase.json" has unknown property: {"additionalProperty":"flutter"}
[debug] [2026-01-17T05:51:52.076Z] No OAuth tokens found
[debug] [2026-01-17T05:51:52.076Z] >>> [apiv2][query] POST https://firebase.googleapis.com/v1beta1/projects/areuwfo-tracker/androidApps/1:15697676186:android:a9d018e500beb4fd9c1c23/sha [none]
[debug] [2026-01-17T05:51:52.076Z] >>> [apiv2][body] POST https://firebase.googleapis.com/v1beta1/projects/areuwfo-tracker/androidApps/1:15697676186:android:a9d018e500beb4fd9c1c23/sha {"shaHash":"5E:6A:DD:74:FF:E5:73:E6:9D:19:4C:9E:9C:C0:C7:41:6F:39:5D:84","certType":"SHA_1"}
[debug] [2026-01-17T05:51:53.028Z] <<< [apiv2][status] POST https://firebase.googleapis.com/v1beta1/projects/areuwfo-tracker/androidApps/1:15697676186:android:a9d018e500beb4fd9c1c23/sha 200
[debug] [2026-01-17T05:51:53.029Z] <<< [apiv2][body] POST https://firebase.googleapis.com/v1beta1/projects/areuwfo-tracker/androidApps/1:15697676186:android:a9d018e500beb4fd9c1c23/sha {"name":"projects/areuwfo-tracker/androidApps/1:15697676186:android:a9d018e500beb4fd9c1c23/sha/2701c62364e3eb81","shaHash":"5e6add74ffe573e69d194c9e9cc0c7416f395d84","certType":"SHA_1"}
[debug] [2026-01-17T05:52:04.098Z] Object "" in "firebase.json" has unknown property: {"additionalProperty":"flutter"}
[error] Failed to fetch Firebase Project from Studio Workspace because WORKSPACE_SLUG environment variable is empty
[debug] [2026-01-17T05:52:04.099Z] Object "" in "firebase.json" has unknown property: {"additionalProperty":"flutter"}
[error] Failed to fetch Firebase Project from Studio Workspace because WORKSPACE_SLUG environment variable is empty
[debug] [2026-01-17T05:52:04.100Z] > command requires scopes: ["email","openid","https://www.googleapis.com/auth/cloudplatformprojects.readonly","https://www.googleapis.com/auth/firebase","https://www.googleapis.com/auth/cloud-platform","https://www.googleapis.com/auth/userinfo.email"]
[debug] [2026-01-17T05:52:04.100Z] > authorizing via signed-in user (sharathsd63@gmail.com)
[debug] [2026-01-17T05:52:04.100Z] No OAuth tokens found
[debug] [2026-01-17T05:52:04.100Z] >>> [apiv2][query] GET https://cloudbilling.googleapis.com/v1/projects/areuwfo-tracker/billingInfo [none]
[debug] [2026-01-17T05:52:04.320Z] <<< [apiv2][status] GET https://cloudbilling.googleapis.com/v1/projects/areuwfo-tracker/billingInfo 200
[debug] [2026-01-17T05:52:04.320Z] <<< [apiv2][body] GET https://cloudbilling.googleapis.com/v1/projects/areuwfo-tracker/billingInfo {"name":"projects/areuwfo-tracker/billingInfo","projectId":"areuwfo-tracker","billingAccountName":"","billingEnabled":false}
[debug] [2026-01-17T05:52:04.321Z] Object "" in "firebase.json" has unknown property: {"additionalProperty":"flutter"}
[debug] [2026-01-17T05:52:04.509Z] Object "" in "firebase.json" has unknown property: {"additionalProperty":"flutter"}
[error] Failed to fetch Firebase Project from Studio Workspace because WORKSPACE_SLUG environment variable is empty
[debug] [2026-01-17T05:52:04.510Z] Object "" in "firebase.json" has unknown property: {"additionalProperty":"flutter"}
[error] Failed to fetch Firebase Project from Studio Workspace because WORKSPACE_SLUG environment variable is empty
[debug] [2026-01-17T05:52:04.511Z] > command requires scopes: ["email","openid","https://www.googleapis.com/auth/cloudplatformprojects.readonly","https://www.googleapis.com/auth/firebase","https://www.googleapis.com/auth/cloud-platform","https://www.googleapis.com/auth/userinfo.email"]
[debug] [2026-01-17T05:52:04.511Z] > authorizing via signed-in user (sharathsd63@gmail.com)
[debug] [2026-01-17T05:52:04.511Z] No OAuth tokens found
[debug] [2026-01-17T05:52:04.511Z] >>> [apiv2][query] GET https://cloudbilling.googleapis.com/v1/projects/areuwfo-tracker/billingInfo [none]
[debug] [2026-01-17T05:52:04.939Z] <<< [apiv2][status] GET https://cloudbilling.googleapis.com/v1/projects/areuwfo-tracker/billingInfo 200
[debug] [2026-01-17T05:52:04.939Z] <<< [apiv2][body] GET https://cloudbilling.googleapis.com/v1/projects/areuwfo-tracker/billingInfo {"name":"projects/areuwfo-tracker/billingInfo","projectId":"areuwfo-tracker","billingAccountName":"","billingEnabled":false}
[debug] [2026-01-17T05:52:04.940Z] Object "" in "firebase.json" has unknown property: {"additionalProperty":"flutter"}
[debug] [2026-01-17T05:52:04.940Z] No OAuth tokens found
[debug] [2026-01-17T05:52:04.940Z] >>> [apiv2][query] POST https://firebase.googleapis.com/v1beta1/projects/areuwfo-tracker/androidApps/1:15697676186:android:a9d018e500beb4fd9c1c23/sha [none]
[debug] [2026-01-17T05:52:04.940Z] >>> [apiv2][body] POST https://firebase.googleapis.com/v1beta1/projects/areuwfo-tracker/androidApps/1:15697676186:android:a9d018e500beb4fd9c1c23/sha {"shaHash":"96:34:B5:04:1C:0F:B2:1D:4C:CF:F0:DE:BF:27:BC:BD:12:41:4C:16:EE:EF:C6:C9:70:40:E6:74:91:8B:9E:D3","certType":"SHA_256"}
[debug] [2026-01-17T05:52:05.625Z] <<< [apiv2][status] POST https://firebase.googleapis.com/v1beta1/projects/areuwfo-tracker/androidApps/1:15697676186:android:a9d018e500beb4fd9c1c23/sha 200
[debug] [2026-01-17T05:52:05.625Z] <<< [apiv2][body] POST https://firebase.googleapis.com/v1beta1/projects/areuwfo-tracker/androidApps/1:15697676186:android:a9d018e500beb4fd9c1c23/sha {"name":"projects/areuwfo-tracker/androidApps/1:15697676186:android:a9d018e500beb4fd9c1c23/sha/c51bc24c5b3cc3ff","shaHash":"9634b5041c0fb21d4ccff0debf27bcbd12414c16eeefc6c97040e674918b9ed3","certType":"SHA_256"}
[debug] [2026-01-17T14:43:14.522Z] Object "" in "firebase.json" has unknown property: {"additionalProperty":"flutter"}
[error] Failed to fetch Firebase Project from Studio Workspace because WORKSPACE_SLUG environment variable is empty
[debug] [2026-01-17T14:43:14.528Z] Object "" in "firebase.json" has unknown property: {"additionalProperty":"flutter"}
[error] Failed to fetch Firebase Project from Studio Workspace because WORKSPACE_SLUG environment variable is empty
[debug] [2026-01-17T14:43:14.529Z] Object "" in "firebase.json" has unknown property: {"additionalProperty":"flutter"}
[error] Failed to fetch Firebase Project from Studio Workspace because WORKSPACE_SLUG environment variable is empty
[debug] [2026-01-17T14:43:14.530Z] Object "" in "firebase.json" has unknown property: {"additionalProperty":"flutter"}
[error] Failed to fetch Firebase Project from Studio Workspace because WORKSPACE_SLUG environment variable is empty
[debug] [2026-01-17T14:43:14.531Z] > command requires scopes: ["email","openid","https://www.googleapis.com/auth/cloudplatformprojects.readonly","https://www.googleapis.com/auth/firebase","https://www.googleapis.com/auth/cloud-platform","https://www.googleapis.com/auth/userinfo.email"]
[debug] [2026-01-17T14:43:14.533Z] > command requires scopes: ["email","openid","https://www.googleapis.com/auth/cloudplatformprojects.readonly","https://www.googleapis.com/auth/firebase","https://www.googleapis.com/auth/cloud-platform","https://www.googleapis.com/auth/userinfo.email"]
[debug] [2026-01-17T14:43:14.549Z] Running auto auth
[debug] [2026-01-17T14:43:14.550Z] Running auto auth
[debug] [2026-01-17T14:43:14.712Z] No OAuth tokens found
[debug] [2026-01-17T14:43:14.713Z] >>> [apiv2][query] GET https://cloudbilling.googleapis.com/v1/projects/areuwfo-tracker/billingInfo [none]
[debug] [2026-01-17T14:43:14.826Z] No OAuth tokens found
[debug] [2026-01-17T14:43:14.826Z] >>> [apiv2][query] GET https://cloudbilling.googleapis.com/v1/projects/areuwfo-tracker/billingInfo [none]
[debug] [2026-01-17T14:43:15.020Z] <<< [apiv2][status] GET https://cloudbilling.googleapis.com/v1/projects/areuwfo-tracker/billingInfo 403
[debug] [2026-01-17T14:43:15.020Z] <<< [apiv2][body] GET https://cloudbilling.googleapis.com/v1/projects/areuwfo-tracker/billingInfo {"error":{"code":403,"message":"Request had insufficient authentication scopes.","status":"PERMISSION_DENIED","details":[{"@type":"type.googleapis.com/google.rpc.ErrorInfo","reason":"ACCESS_TOKEN_SCOPE_INSUFFICIENT","domain":"googleapis.com","metadata":{"method":"google.cloud.billing.v1.CloudBilling.GetProjectBillingInfo","service":"cloudbilling.googleapis.com"}}]}}
[debug] [2026-01-17T14:43:15.057Z] Object "" in "firebase.json" has unknown property: {"additionalProperty":"flutter"}
[error] Failed to fetch Firebase Project from Studio Workspace because WORKSPACE_SLUG environment variable is empty
[debug] [2026-01-17T14:43:15.064Z] Object "" in "firebase.json" has unknown property: {"additionalProperty":"flutter"}
[error] Failed to fetch Firebase Project from Studio Workspace because WORKSPACE_SLUG environment variable is empty
[debug] [2026-01-17T14:43:15.067Z] > command requires scopes: ["email","openid","https://www.googleapis.com/auth/cloudplatformprojects.readonly","https://www.googleapis.com/auth/firebase","https://www.googleapis.com/auth/cloud-platform","https://www.googleapis.com/auth/userinfo.email"]
[debug] [2026-01-17T14:43:15.067Z] > authorizing via signed-in user (id-monospace-workstations-sa@monospace-6.iam.gserviceaccount.com)
[debug] [2026-01-17T14:43:15.067Z] No OAuth tokens found
[debug] [2026-01-17T14:43:15.068Z] >>> [apiv2][query] GET https://cloudbilling.googleapis.com/v1/projects/areuwfo-tracker/billingInfo [none]
[debug] [2026-01-17T14:43:15.071Z] Object "" in "firebase.json" has unknown property: {"additionalProperty":"flutter"}
[error] Failed to fetch Firebase Project from Studio Workspace because WORKSPACE_SLUG environment variable is empty
[debug] [2026-01-17T14:43:15.072Z] Object "" in "firebase.json" has unknown property: {"additionalProperty":"flutter"}
[error] Failed to fetch Firebase Project from Studio Workspace because WORKSPACE_SLUG environment variable is empty
[debug] [2026-01-17T14:43:15.073Z] > command requires scopes: ["email","openid","https://www.googleapis.com/auth/cloudplatformprojects.readonly","https://www.googleapis.com/auth/firebase","https://www.googleapis.com/auth/cloud-platform","https://www.googleapis.com/auth/userinfo.email"]
[debug] [2026-01-17T14:43:15.073Z] > authorizing via signed-in user (id-monospace-workstations-sa@monospace-6.iam.gserviceaccount.com)
[debug] [2026-01-17T14:43:15.073Z] No OAuth tokens found
[debug] [2026-01-17T14:43:15.073Z] >>> [apiv2][query] GET https://cloudbilling.googleapis.com/v1/projects/areuwfo-tracker/billingInfo [none]
[debug] [2026-01-17T14:43:15.194Z] <<< [apiv2][status] GET https://cloudbilling.googleapis.com/v1/projects/areuwfo-tracker/billingInfo 403
[debug] [2026-01-18T06:38:09.275Z] Object "" in "firebase.json" has unknown property: {"additionalProperty":"flutter"}
[error] Failed to fetch Firebase Project from Studio Workspace because WORKSPACE_SLUG environment variable is empty
[debug] [2026-01-18T06:38:09.282Z] Object "" in "firebase.json" has unknown property: {"additionalProperty":"flutter"}
[error] Failed to fetch Firebase Project from Studio Workspace because WORKSPACE_SLUG environment variable is empty
[debug] [2026-01-18T06:38:09.283Z] Object "" in "firebase.json" has unknown property: {"additionalProperty":"flutter"}
[error] Failed to fetch Firebase Project from Studio Workspace because WORKSPACE_SLUG environment variable is empty
[debug] [2026-01-18T06:38:09.284Z] Object "" in "firebase.json" has unknown property: {"additionalProperty":"flutter"}
[error] Failed to fetch Firebase Project from Studio Workspace because WORKSPACE_SLUG environment variable is empty
[debug] [2026-01-18T06:38:09.285Z] > command requires scopes: ["email","openid","https://www.googleapis.com/auth/cloudplatformprojects.readonly","https://www.googleapis.com/auth/firebase","https://www.googleapis.com/auth/cloud-platform","https://www.googleapis.com/auth/userinfo.email"]
[debug] [2026-01-18T06:38:09.287Z] > command requires scopes: ["email","openid","https://www.googleapis.com/auth/cloudplatformprojects.readonly","https://www.googleapis.com/auth/firebase","https://www.googleapis.com/auth/cloud-platform","https://www.googleapis.com/auth/userinfo.email"]
[debug] [2026-01-18T06:38:09.306Z] Running auto auth
[debug] [2026-01-18T06:38:09.307Z] Running auto auth
[debug] [2026-01-18T06:38:09.402Z] No OAuth tokens found
[debug] [2026-01-18T06:38:09.404Z] >>> [apiv2][query] GET https://cloudbilling.googleapis.com/v1/projects/areuwfo-tracker/billingInfo [none]
[debug] [2026-01-18T06:38:09.478Z] No OAuth tokens found
[debug] [2026-01-18T06:38:09.479Z] >>> [apiv2][query] GET https://cloudbilling.googleapis.com/v1/projects/areuwfo-tracker/billingInfo [none]
[debug] [2026-01-18T06:38:09.690Z] <<< [apiv2][status] GET https://cloudbilling.googleapis.com/v1/projects/areuwfo-tracker/billingInfo 403
[debug] [2026-01-18T06:38:09.691Z] <<< [apiv2][body] GET https://cloudbilling.googleapis.com/v1/projects/areuwfo-tracker/billingInfo {"error":{"code":403,"message":"Request had insufficient authentication scopes.","status":"PERMISSION_DENIED","details":[{"@type":"type.googleapis.com/google.rpc.ErrorInfo","reason":"ACCESS_TOKEN_SCOPE_INSUFFICIENT","domain":"googleapis.com","metadata":{"method":"google.cloud.billing.v1.CloudBilling.GetProjectBillingInfo","service":"cloudbilling.googleapis.com"}}]}}
[debug] [2026-01-18T06:38:09.699Z] Object "" in "firebase.json" has unknown property: {"additionalProperty":"flutter"}
[error] Failed to fetch Firebase Project from Studio Workspace because WORKSPACE_SLUG environment variable is empty
[debug] [2026-01-18T06:38:09.700Z] Object "" in "firebase.json" has unknown property: {"additionalProperty":"flutter"}
[error] Failed to fetch Firebase Project from Studio Workspace because WORKSPACE_SLUG environment variable is empty
[debug] [2026-01-18T06:38:09.701Z] > command requires scopes: ["email","openid","https://www.googleapis.com/auth/cloudplatformprojects.readonly","https://www.googleapis.com/auth/firebase","https://www.googleapis.com/auth/cloud-platform","https://www.googleapis.com/auth/userinfo.email"]
[debug] [2026-01-18T06:38:09.701Z] > authorizing via signed-in user (id-monospace-workstations-sa@monospace-6.iam.gserviceaccount.com)
[debug] [2026-01-18T06:38:09.701Z] No OAuth tokens found
[debug] [2026-01-18T06:38:09.701Z] >>> [apiv2][query] GET https://cloudbilling.googleapis.com/v1/projects/areuwfo-tracker/billingInfo [none]
[debug] [2026-01-18T06:38:09.708Z] Object "" in "firebase.json" has unknown property: {"additionalProperty":"flutter"}
[error] Failed to fetch Firebase Project from Studio Workspace because WORKSPACE_SLUG environment variable is empty
[debug] [2026-01-18T06:38:09.709Z] Object "" in "firebase.json" has unknown property: {"additionalProperty":"flutter"}
[error] Failed to fetch Firebase Project from Studio Workspace because WORKSPACE_SLUG environment variable is empty
[debug] [2026-01-18T06:38:09.714Z] > command requires scopes: ["email","openid","https://www.googleapis.com/auth/cloudplatformprojects.readonly","https://www.googleapis.com/auth/firebase","https://www.googleapis.com/auth/cloud-platform","https://www.googleapis.com/auth/userinfo.email"]
[debug] [2026-01-18T06:38:09.714Z] > authorizing via signed-in user (id-monospace-workstations-sa@monospace-6.iam.gserviceaccount.com)
[debug] [2026-01-18T06:38:09.715Z] No OAuth tokens found
[debug] [2026-01-18T06:38:09.715Z] >>> [apiv2][query] GET https://cloudbilling.googleapis.com/v1/projects/areuwfo-tracker/billingInfo [none]
[debug] [2026-01-18T06:38:10.094Z] <<< [apiv2][status] GET https://cloudbilling.googleapis.com/v1/projects/areuwfo-tracker/billingInfo 403
[debug] [2026-01-18T06:38:10.095Z] <<< [apiv2][body] GET https://cloudbilling.googleapis.com/v1/projects/areuwfo-tracker/billingInfo {"error":{"code":403,"message":"Request had insufficient authentication scopes.","status":"PERMISSION_DENIED","details":[{"@type":"type.googleapis.com/google.rpc.ErrorInfo","reason":"ACCESS_TOKEN_SCOPE_INSUFFICIENT","domain":"googleapis.com","metadata":{"method":"google.cloud.billing.v1.CloudBilling.GetProjectBillingInfo","service":"cloudbilling.googleapis.com"}}]}}
[debug] [2026-01-18T06:38:10.516Z] <<< [apiv2][status] GET https://cloudbilling.googleapis.com/v1/projects/areuwfo-tracker/billingInfo 403
[debug] [2026-01-18T15:50:50.480Z] Object "" in "firebase.json" has unknown property: {"additionalProperty":"flutter"}
[error] Failed to fetch Firebase Project from Studio Workspace because WORKSPACE_SLUG environment variable is empty
[debug] [2026-01-18T15:50:50.487Z] Object "" in "firebase.json" has unknown property: {"additionalProperty":"flutter"}
[error] Failed to fetch Firebase Project from Studio Workspace because WORKSPACE_SLUG environment variable is empty
[debug] [2026-01-18T15:50:50.489Z] Object "" in "firebase.json" has unknown property: {"additionalProperty":"flutter"}
[error] Failed to fetch Firebase Project from Studio Workspace because WORKSPACE_SLUG environment variable is empty
[debug] [2026-01-18T15:50:50.490Z] Object "" in "firebase.json" has unknown property: {"additionalProperty":"flutter"}
[error] Failed to fetch Firebase Project from Studio Workspace because WORKSPACE_SLUG environment variable is empty
[debug] [2026-01-18T15:50:50.492Z] > command requires scopes: ["email","openid","https://www.googleapis.com/auth/cloudplatformprojects.readonly","https://www.googleapis.com/auth/firebase","https://www.googleapis.com/auth/cloud-platform","https://www.googleapis.com/auth/userinfo.email"]
[debug] [2026-01-18T15:50:50.494Z] > command requires scopes: ["email","openid","https://www.googleapis.com/auth/cloudplatformprojects.readonly","https://www.googleapis.com/auth/firebase","https://www.googleapis.com/auth/cloud-platform","https://www.googleapis.com/auth/userinfo.email"]
[debug] [2026-01-18T15:50:50.565Z] Running auto auth
[debug] [2026-01-18T15:50:50.567Z] Running auto auth
[debug] [2026-01-18T15:50:50.617Z] No OAuth tokens found
[debug] [2026-01-18T15:50:50.619Z] >>> [apiv2][query] GET https://cloudbilling.googleapis.com/v1/projects/areuwfo-tracker/billingInfo [none]
[debug] [2026-01-18T15:50:50.732Z] No OAuth tokens found
[debug] [2026-01-18T15:50:50.732Z] >>> [apiv2][query] GET https://cloudbilling.googleapis.com/v1/projects/areuwfo-tracker/billingInfo [none]
[debug] [2026-01-18T15:50:51.118Z] <<< [apiv2][status] GET https://cloudbilling.googleapis.com/v1/projects/areuwfo-tracker/billingInfo 403
[debug] [2026-01-18T15:50:51.118Z] <<< [apiv2][body] GET https://cloudbilling.googleapis.com/v1/projects/areuwfo-tracker/billingInfo {"error":{"code":403,"message":"Request had insufficient authentication scopes.","status":"PERMISSION_DENIED","details":[{"@type":"type.googleapis.com/google.rpc.ErrorInfo","reason":"ACCESS_TOKEN_SCOPE_INSUFFICIENT","domain":"googleapis.com","metadata":{"method":"google.cloud.billing.v1.CloudBilling.GetProjectBillingInfo","service":"cloudbilling.googleapis.com"}}]}}
[debug] [2026-01-18T15:50:51.122Z] <<< [apiv2][status] GET https://cloudbilling.googleapis.com/v1/projects/areuwfo-tracker/billingInfo 403
[debug] [2026-01-18T17:22:34.845Z] Object "" in "firebase.json" has unknown property: {"additionalProperty":"flutter"}
[error] Failed to fetch Firebase Project from Studio Workspace because WORKSPACE_SLUG environment variable is empty
[debug] [2026-01-18T17:22:34.850Z] Object "" in "firebase.json" has unknown property: {"additionalProperty":"flutter"}
[error] Failed to fetch Firebase Project from Studio Workspace because WORKSPACE_SLUG environment variable is empty
[debug] [2026-01-18T17:22:34.851Z] Object "" in "firebase.json" has unknown property: {"additionalProperty":"flutter"}
[error] Failed to fetch Firebase Project from Studio Workspace because WORKSPACE_SLUG environment variable is empty
[debug] [2026-01-18T17:22:34.852Z] Object "" in "firebase.json" has unknown property: {"additionalProperty":"flutter"}
[error] Failed to fetch Firebase Project from Studio Workspace because WORKSPACE_SLUG environment variable is empty
[debug] [2026-01-18T17:22:34.853Z] > command requires scopes: ["email","openid","https://www.googleapis.com/auth/cloudplatformprojects.readonly","https://www.googleapis.com/auth/firebase","https://www.googleapis.com/auth/cloud-platform","https://www.googleapis.com/auth/userinfo.email"]
[debug] [2026-01-18T17:22:34.854Z] > command requires scopes: ["email","openid","https://www.googleapis.com/auth/cloudplatformprojects.readonly","https://www.googleapis.com/auth/firebase","https://www.googleapis.com/auth/cloud-platform","https://www.googleapis.com/auth/userinfo.email"]
[debug] [2026-01-18T17:23:34.560Z] Object "" in "firebase.json" has unknown property: {"additionalProperty":"flutter"}
[error] Failed to fetch Firebase Project from Studio Workspace because WORKSPACE_SLUG environment variable is empty
[debug] [2026-01-18T17:23:34.562Z] Object "" in "firebase.json" has unknown property: {"additionalProperty":"flutter"}
[error] Failed to fetch Firebase Project from Studio Workspace because WORKSPACE_SLUG environment variable is empty
[debug] [2026-01-18T17:23:34.564Z] Object "" in "firebase.json" has unknown property: {"additionalProperty":"flutter"}
[error] Failed to fetch Firebase Project from Studio Workspace because WORKSPACE_SLUG environment variable is empty
[debug] [2026-01-18T17:23:34.565Z] Object "" in "firebase.json" has unknown property: {"additionalProperty":"flutter"}
[error] Failed to fetch Firebase Project from Studio Workspace because WORKSPACE_SLUG environment variable is empty
[debug] [2026-01-18T17:23:34.565Z] > command requires scopes: ["email","openid","https://www.googleapis.com/auth/cloudplatformprojects.readonly","https://www.googleapis.com/auth/firebase","https://www.googleapis.com/auth/cloud-platform","https://www.googleapis.com/auth/userinfo.email"]
[debug] [2026-01-18T17:23:34.566Z] > command requires scopes: ["email","openid","https://www.googleapis.com/auth/cloudplatformprojects.readonly","https://www.googleapis.com/auth/firebase","https://www.googleapis.com/auth/cloud-platform","https://www.googleapis.com/auth/userinfo.email"]
[debug] [2026-01-18T17:24:37.018Z] No OAuth tokens found
[debug] [2026-01-18T17:24:37.018Z] No OAuth tokens found
[debug] [2026-01-18T17:24:37.019Z] > command requires scopes: ["email","openid","https://www.googleapis.com/auth/cloudplatformprojects.readonly","https://www.googleapis.com/auth/firebase","https://www.googleapis.com/auth/cloud-platform","https://www.googleapis.com/auth/userinfo.email"]
[debug] [2026-01-18T17:24:37.019Z] No OAuth tokens found
[debug] [2026-01-18T17:24:37.019Z] No OAuth tokens found
[debug] [2026-01-18T17:24:37.019Z] > command requires scopes: ["email","openid","https://www.googleapis.com/auth/cloudplatformprojects.readonly","https://www.googleapis.com/auth/firebase","https://www.googleapis.com/auth/cloud-platform","https://www.googleapis.com/auth/userinfo.email"]
[debug] [2026-01-18T17:24:37.020Z] No OAuth tokens found
[debug] [2026-01-18T17:24:37.020Z] No OAuth tokens found
[debug] [2026-01-18T17:24:37.020Z] > command requires scopes: ["email","openid","https://www.googleapis.com/auth/cloudplatformprojects.readonly","https://www.googleapis.com/auth/firebase","https://www.googleapis.com/auth/cloud-platform","https://www.googleapis.com/auth/userinfo.email"]
[debug] [2026-01-18T17:24:37.020Z] No OAuth tokens found
[debug] [2026-01-18T17:24:37.020Z] No OAuth tokens found
[debug] [2026-01-18T17:24:37.020Z] > command requires scopes: ["email","openid","https://www.googleapis.com/auth/cloudplatformprojects.readonly","https://www.googleapis.com/auth/firebase","https://www.googleapis.com/auth/cloud-platform","https://www.googleapis.com/auth/userinfo.email"]
[debug] [2026-01-18T17:24:43.300Z] Running auto auth
[debug] [2026-01-18T17:24:43.300Z] Running auto auth
[debug] [2026-01-18T17:24:43.301Z] Running auto auth
[debug] [2026-01-18T17:24:43.301Z] Running auto auth
[debug] [2026-01-18T17:24:43.328Z] >>> [apiv2][query] GET https://cloudbilling.googleapis.com/v1/projects/areuwfo-tracker/billingInfo [none]
[debug] [2026-01-18T17:24:43.360Z] >>> [apiv2][query] GET https://cloudbilling.googleapis.com/v1/projects/areuwfo-tracker/billingInfo [none]
[debug] [2026-01-18T17:24:43.376Z] >>> [apiv2][query] GET https://cloudbilling.googleapis.com/v1/projects/areuwfo-tracker/billingInfo [none]
[debug] [2026-01-18T17:24:43.385Z] >>> [apiv2][query] GET https://cloudbilling.googleapis.com/v1/projects/areuwfo-tracker/billingInfo [none]
[debug] [2026-01-18T17:24:43.635Z] <<< [apiv2][status] GET https://cloudbilling.googleapis.com/v1/projects/areuwfo-tracker/billingInfo 200
[debug] [2026-01-18T17:24:43.635Z] <<< [apiv2][body] GET https://cloudbilling.googleapis.com/v1/projects/areuwfo-tracker/billingInfo {"name":"projects/areuwfo-tracker/billingInfo","projectId":"areuwfo-tracker","billingAccountName":"","billingEnabled":false}
[debug] [2026-01-18T17:24:43.636Z] Object "" in "firebase.json" has unknown property: {"additionalProperty":"flutter"}
[debug] [2026-01-18T17:24:43.642Z] No OAuth tokens found
[debug] [2026-01-18T17:24:43.642Z] No OAuth tokens found
[debug] [2026-01-18T17:24:43.643Z] No OAuth tokens found
[debug] [2026-01-18T17:24:43.659Z] No OAuth tokens found
[debug] [2026-01-18T17:24:43.659Z] No OAuth tokens found
[debug] [2026-01-18T17:24:43.659Z] >>> [apiv2][query] GET https://serviceusage.googleapis.com/v1/projects/areuwfo-tracker/services/firestore.googleapis.com [none]
[debug] [2026-01-18T17:24:43.659Z] >>> [apiv2][(partial)header] GET https://serviceusage.googleapis.com/v1/projects/areuwfo-tracker/services/firestore.googleapis.com x-goog-quota-user=projects/areuwfo-tracker
[debug] [2026-01-18T17:24:43.661Z] >>> [apiv2][query] GET https://serviceusage.googleapis.com/v1/projects/areuwfo-tracker/services/firebasedataconnect.googleapis.com [none]
[debug] [2026-01-18T17:24:43.661Z] >>> [apiv2][(partial)header] GET https://serviceusage.googleapis.com/v1/projects/areuwfo-tracker/services/firebasedataconnect.googleapis.com x-goog-quota-user=projects/areuwfo-tracker
[debug] [2026-01-18T17:24:43.662Z] >>> [apiv2][query] GET https://serviceusage.googleapis.com/v1/projects/areuwfo-tracker/services/cloudfunctions.googleapis.com [none]
[debug] [2026-01-18T17:24:43.662Z] >>> [apiv2][(partial)header] GET https://serviceusage.googleapis.com/v1/projects/areuwfo-tracker/services/cloudfunctions.googleapis.com x-goog-quota-user=projects/areuwfo-tracker
[debug] [2026-01-18T17:24:43.664Z] >>> [apiv2][query] GET https://serviceusage.googleapis.com/v1/projects/areuwfo-tracker/services/firebaseapphosting.googleapis.com [none]
[debug] [2026-01-18T17:24:43.664Z] >>> [apiv2][(partial)header] GET https://serviceusage.googleapis.com/v1/projects/areuwfo-tracker/services/firebaseapphosting.googleapis.com x-goog-quota-user=projects/areuwfo-tracker
[debug] [2026-01-18T17:24:43.665Z] >>> [apiv2][query] GET https://serviceusage.googleapis.com/v1/projects/areuwfo-tracker/services/firebaseio.com [none]
[debug] [2026-01-18T17:24:43.665Z] >>> [apiv2][(partial)header] GET https://serviceusage.googleapis.com/v1/projects/areuwfo-tracker/services/firebaseio.com x-goog-quota-user=projects/areuwfo-tracker
[debug] [2026-01-18T17:24:43.740Z] <<< [apiv2][status] GET https://cloudbilling.googleapis.com/v1/projects/areuwfo-tracker/billingInfo 200
[debug] [2026-01-18T17:24:43.740Z] <<< [apiv2][body] GET https://cloudbilling.googleapis.com/v1/projects/areuwfo-tracker/billingInfo {"name":"projects/areuwfo-tracker/billingInfo","projectId":"areuwfo-tracker","billingAccountName":"","billingEnabled":false}
[debug] [2026-01-18T17:24:43.740Z] Object "" in "firebase.json" has unknown property: {"additionalProperty":"flutter"}
[debug] [2026-01-18T17:24:43.741Z] No OAuth tokens found
[debug] [2026-01-18T17:24:43.742Z] No OAuth tokens found
[debug] [2026-01-18T17:24:43.742Z] No OAuth tokens found
[debug] [2026-01-18T17:24:43.749Z] No OAuth tokens found
[debug] [2026-01-18T17:24:43.749Z] No OAuth tokens found
[debug] [2026-01-18T17:24:43.749Z] >>> [apiv2][query] GET https://serviceusage.googleapis.com/v1/projects/areuwfo-tracker/services/firestore.googleapis.com [none]
[debug] [2026-01-18T17:24:43.749Z] >>> [apiv2][(partial)header] GET https://serviceusage.googleapis.com/v1/projects/areuwfo-tracker/services/firestore.googleapis.com x-goog-quota-user=projects/areuwfo-tracker
[debug] [2026-01-18T17:24:43.751Z] >>> [apiv2][query] GET https://serviceusage.googleapis.com/v1/projects/areuwfo-tracker/services/firebasedataconnect.googleapis.com [none]
[debug] [2026-01-18T17:24:43.751Z] >>> [apiv2][(partial)header] GET https://serviceusage.googleapis.com/v1/projects/areuwfo-tracker/services/firebasedataconnect.googleapis.com x-goog-quota-user=projects/areuwfo-tracker
[debug] [2026-01-18T17:24:43.752Z] >>> [apiv2][query] GET https://serviceusage.googleapis.com/v1/projects/areuwfo-tracker/services/cloudfunctions.googleapis.com [none]
[debug] [2026-01-18T17:24:43.752Z] >>> [apiv2][(partial)header] GET https://serviceusage.googleapis.com/v1/projects/areuwfo-tracker/services/cloudfunctions.googleapis.com x-goog-quota-user=projects/areuwfo-tracker
[debug] [2026-01-18T17:24:43.754Z] >>> [apiv2][query] GET https://serviceusage.googleapis.com/v1/projects/areuwfo-tracker/services/firebaseapphosting.googleapis.com [none]
[debug] [2026-01-18T17:24:43.754Z] >>> [apiv2][(partial)header] GET https://serviceusage.googleapis.com/v1/projects/areuwfo-tracker/services/firebaseapphosting.googleapis.com x-goog-quota-user=projects/areuwfo-tracker
[debug] [2026-01-18T17:24:43.755Z] >>> [apiv2][query] GET https://serviceusage.googleapis.com/v1/projects/areuwfo-tracker/services/firebaseio.com [none]
[debug] [2026-01-18T17:24:43.755Z] >>> [apiv2][(partial)header] GET https://serviceusage.googleapis.com/v1/projects/areuwfo-tracker/services/firebaseio.com x-goog-quota-user=projects/areuwfo-tracker
[debug] [2026-01-18T17:24:43.877Z] <<< [apiv2][status] GET https://cloudbilling.googleapis.com/v1/projects/areuwfo-tracker/billingInfo 200
[debug] [2026-01-18T17:24:43.877Z] <<< [apiv2][body] GET https://cloudbilling.googleapis.com/v1/projects/areuwfo-tracker/billingInfo {"name":"projects/areuwfo-tracker/billingInfo","projectId":"areuwfo-tracker","billingAccountName":"","billingEnabled":false}
[debug] [2026-01-18T17:24:43.878Z] Object "" in "firebase.json" has unknown property: {"additionalProperty":"flutter"}
[debug] [2026-01-18T17:24:43.878Z] No OAuth tokens found
[debug] [2026-01-18T17:24:43.879Z] No OAuth tokens found
[debug] [2026-01-18T17:24:43.879Z] No OAuth tokens found
[debug] [2026-01-18T17:24:43.884Z] No OAuth tokens found
[debug] [2026-01-18T17:24:43.884Z] No OAuth tokens found
[debug] [2026-01-18T17:24:43.885Z] >>> [apiv2][query] GET https://serviceusage.googleapis.com/v1/projects/areuwfo-tracker/services/firestore.googleapis.com [none]
[debug] [2026-01-18T17:24:43.885Z] >>> [apiv2][(partial)header] GET https://serviceusage.googleapis.com/v1/projects/areuwfo-tracker/services/firestore.googleapis.com x-goog-quota-user=projects/areuwfo-tracker
[debug] [2026-01-18T17:24:43.886Z] >>> [apiv2][query] GET https://serviceusage.googleapis.com/v1/projects/areuwfo-tracker/services/firebasedataconnect.googleapis.com [none]
[debug] [2026-01-18T17:24:43.886Z] >>> [apiv2][(partial)header] GET https://serviceusage.googleapis.com/v1/projects/areuwfo-tracker/services/firebasedataconnect.googleapis.com x-goog-quota-user=projects/areuwfo-tracker
[debug] [2026-01-18T17:24:43.888Z] >>> [apiv2][query] GET https://serviceusage.googleapis.com/v1/projects/areuwfo-tracker/services/cloudfunctions.googleapis.com [none]
[debug] [2026-01-18T17:24:43.888Z] >>> [apiv2][(partial)header] GET https://serviceusage.googleapis.com/v1/projects/areuwfo-tracker/services/cloudfunctions.googleapis.com x-goog-quota-user=projects/areuwfo-tracker
[debug] [2026-01-18T17:24:43.889Z] >>> [apiv2][query] GET https://serviceusage.googleapis.com/v1/projects/areuwfo-tracker/services/firebaseapphosting.googleapis.com [none]
[debug] [2026-01-18T17:24:43.889Z] >>> [apiv2][(partial)header] GET https://serviceusage.googleapis.com/v1/projects/areuwfo-tracker/services/firebaseapphosting.googleapis.com x-goog-quota-user=projects/areuwfo-tracker
[debug] [2026-01-18T17:24:43.890Z] >>> [apiv2][query] GET https://serviceusage.googleapis.com/v1/projects/areuwfo-tracker/services/firebaseio.com [none]
[debug] [2026-01-18T17:24:43.890Z] >>> [apiv2][(partial)header] GET https://serviceusage.googleapis.com/v1/projects/areuwfo-tracker/services/firebaseio.com x-goog-quota-user=projects/areuwfo-tracker
[debug] [2026-01-18T17:24:44.476Z] <<< [apiv2][status] GET https://cloudbilling.googleapis.com/v1/projects/areuwfo-tracker/billingInfo 200
[debug] [2026-01-18T17:24:44.476Z] <<< [apiv2][body] GET https://cloudbilling.googleapis.com/v1/projects/areuwfo-tracker/billingInfo {"name":"projects/areuwfo-tracker/billingInfo","projectId":"areuwfo-tracker","billingAccountName":"","billingEnabled":false}
[debug] [2026-01-18T17:24:44.477Z] Object "" in "firebase.json" has unknown property: {"additionalProperty":"flutter"}
[debug] [2026-01-18T17:24:44.477Z] No OAuth tokens found
[debug] [2026-01-18T17:24:44.478Z] No OAuth tokens found
[debug] [2026-01-18T17:24:44.478Z] No OAuth tokens found
[debug] [2026-01-18T17:24:44.482Z] No OAuth tokens found
[debug] [2026-01-18T17:24:44.483Z] No OAuth tokens found
[debug] [2026-01-18T17:24:44.483Z] >>> [apiv2][query] GET https://serviceusage.googleapis.com/v1/projects/areuwfo-tracker/services/firestore.googleapis.com [none]
[debug] [2026-01-18T17:24:44.483Z] >>> [apiv2][(partial)header] GET https://serviceusage.googleapis.com/v1/projects/areuwfo-tracker/services/firestore.googleapis.com x-goog-quota-user=projects/areuwfo-tracker
[debug] [2026-01-18T17:24:44.484Z] >>> [apiv2][query] GET https://serviceusage.googleapis.com/v1/projects/areuwfo-tracker/services/firebasedataconnect.googleapis.com [none]
[debug] [2026-01-18T17:24:44.484Z] >>> [apiv2][(partial)header] GET https://serviceusage.googleapis.com/v1/projects/areuwfo-tracker/services/firebasedataconnect.googleapis.com x-goog-quota-user=projects/areuwfo-tracker
[debug] [2026-01-18T17:24:44.485Z] >>> [apiv2][query] GET https://serviceusage.googleapis.com/v1/projects/areuwfo-tracker/services/cloudfunctions.googleapis.com [none]
[debug] [2026-01-18T17:24:44.485Z] >>> [apiv2][(partial)header] GET https://serviceusage.googleapis.com/v1/projects/areuwfo-tracker/services/cloudfunctions.googleapis.com x-goog-quota-user=projects/areuwfo-tracker
[debug] [2026-01-18T17:24:44.486Z] >>> [apiv2][query] GET https://serviceusage.googleapis.com/v1/projects/areuwfo-tracker/services/firebaseapphosting.googleapis.com [none]
[debug] [2026-01-18T17:24:44.486Z] >>> [apiv2][(partial)header] GET https://serviceusage.googleapis.com/v1/projects/areuwfo-tracker/services/firebaseapphosting.googleapis.com x-goog-quota-user=projects/areuwfo-tracker
[debug] [2026-01-18T17:24:44.487Z] >>> [apiv2][query] GET https://serviceusage.googleapis.com/v1/projects/areuwfo-tracker/services/firebaseio.com [none]
[debug] [2026-01-18T17:24:44.487Z] >>> [apiv2][(partial)header] GET https://serviceusage.googleapis.com/v1/projects/areuwfo-tracker/services/firebaseio.com x-goog-quota-user=projects/areuwfo-tracker
[debug] [2026-01-18T17:24:44.693Z] <<< [apiv2][status] GET https://serviceusage.googleapis.com/v1/projects/areuwfo-tracker/services/firebaseio.com 403
[debug] [2026-01-18T17:24:44.693Z] <<< [apiv2][body] GET https://serviceusage.googleapis.com/v1/projects/areuwfo-tracker/services/firebaseio.com [omitted]
[debug] [2026-01-18T17:24:44.721Z] <<< [apiv2][status] GET https://serviceusage.googleapis.com/v1/projects/areuwfo-tracker/services/firebaseapphosting.googleapis.com 200
[debug] [2026-01-18T17:24:44.722Z] <<< [apiv2][body] GET https://serviceusage.googleapis.com/v1/projects/areuwfo-tracker/services/firebaseapphosting.googleapis.com [omitted]
[debug] [2026-01-18T17:24:44.731Z] <<< [apiv2][status] GET https://serviceusage.googleapis.com/v1/projects/areuwfo-tracker/services/firestore.googleapis.com 200
[debug] [2026-01-18T17:24:44.731Z] <<< [apiv2][body] GET https://serviceusage.googleapis.com/v1/projects/areuwfo-tracker/services/firestore.googleapis.com [omitted]
[debug] [2026-01-18T17:24:44.764Z] <<< [apiv2][status] GET https://serviceusage.googleapis.com/v1/projects/areuwfo-tracker/services/firebasedataconnect.googleapis.com 200
[debug] [2026-01-18T17:24:44.764Z] <<< [apiv2][body] GET https://serviceusage.googleapis.com/v1/projects/areuwfo-tracker/services/firebasedataconnect.googleapis.com [omitted]
[debug] [2026-01-18T17:24:44.780Z] <<< [apiv2][status] GET https://serviceusage.googleapis.com/v1/projects/areuwfo-tracker/services/cloudfunctions.googleapis.com 200
[debug] [2026-01-18T17:24:44.781Z] <<< [apiv2][body] GET https://serviceusage.googleapis.com/v1/projects/areuwfo-tracker/services/cloudfunctions.googleapis.com [omitted]
[debug] [2026-01-18T17:24:44.781Z] Object "" in "firebase.json" has unknown property: {"additionalProperty":"flutter"}
[error] Failed to fetch Firebase Project from Studio Workspace because WORKSPACE_SLUG environment variable is empty
[debug] [2026-01-18T17:24:44.783Z] Object "" in "firebase.json" has unknown property: {"additionalProperty":"flutter"}
[error] Failed to fetch Firebase Project from Studio Workspace because WORKSPACE_SLUG environment variable is empty
[debug] [2026-01-18T17:24:44.784Z] Object "" in "firebase.json" has unknown property: {"additionalProperty":"flutter"}
[error] Failed to fetch Firebase Project from Studio Workspace because WORKSPACE_SLUG environment variable is empty
[debug] [2026-01-18T17:24:44.784Z] > command requires scopes: ["email","openid","https://www.googleapis.com/auth/cloudplatformprojects.readonly","https://www.googleapis.com/auth/firebase","https://www.googleapis.com/auth/cloud-platform","https://www.googleapis.com/auth/userinfo.email"]
[debug] [2026-01-18T17:24:44.784Z] > authorizing via signed-in user (sharathsd63@gmail.com)
[debug] [2026-01-18T17:24:44.785Z] No OAuth tokens found
[debug] [2026-01-18T17:24:44.785Z] >>> [apiv2][query] GET https://cloudbilling.googleapis.com/v1/projects/areuwfo-tracker/billingInfo [none]
[debug] [2026-01-18T17:24:44.799Z] <<< [apiv2][status] GET https://serviceusage.googleapis.com/v1/projects/areuwfo-tracker/services/cloudfunctions.googleapis.com 200
[debug] [2026-01-18T17:24:44.799Z] <<< [apiv2][body] GET https://serviceusage.googleapis.com/v1/projects/areuwfo-tracker/services/cloudfunctions.googleapis.com [omitted]
[debug] [2026-01-18T17:24:44.801Z] <<< [apiv2][status] GET https://serviceusage.googleapis.com/v1/projects/areuwfo-tracker/services/firebaseio.com 403
[debug] [2026-01-18T17:24:44.801Z] <<< [apiv2][body] GET https://serviceusage.googleapis.com/v1/projects/areuwfo-tracker/services/firebaseio.com [omitted]
[debug] [2026-01-18T17:24:44.809Z] <<< [apiv2][status] GET https://serviceusage.googleapis.com/v1/projects/areuwfo-tracker/services/firestore.googleapis.com 200
[debug] [2026-01-18T17:24:44.809Z] <<< [apiv2][body] GET https://serviceusage.googleapis.com/v1/projects/areuwfo-tracker/services/firestore.googleapis.com [omitted]
[debug] [2026-01-18T17:24:44.828Z] <<< [apiv2][status] GET https://serviceusage.googleapis.com/v1/projects/areuwfo-tracker/services/firebasedataconnect.googleapis.com 200
[debug] [2026-01-18T17:24:44.829Z] <<< [apiv2][body] GET https://serviceusage.googleapis.com/v1/projects/areuwfo-tracker/services/firebasedataconnect.googleapis.com [omitted]
[debug] [2026-01-18T17:24:44.831Z] <<< [apiv2][status] GET https://serviceusage.googleapis.com/v1/projects/areuwfo-tracker/services/firebaseapphosting.googleapis.com 200
[debug] [2026-01-18T17:24:44.832Z] <<< [apiv2][body] GET https://serviceusage.googleapis.com/v1/projects/areuwfo-tracker/services/firebaseapphosting.googleapis.com [omitted]
[debug] [2026-01-18T17:24:44.833Z] Object "" in "firebase.json" has unknown property: {"additionalProperty":"flutter"}
[error] Failed to fetch Firebase Project from Studio Workspace because WORKSPACE_SLUG environment variable is empty
[debug] [2026-01-18T17:24:44.834Z] Object "" in "firebase.json" has unknown property: {"additionalProperty":"flutter"}
[error] Failed to fetch Firebase Project from Studio Workspace because WORKSPACE_SLUG environment variable is empty
[debug] [2026-01-18T17:24:44.835Z] Object "" in "firebase.json" has unknown property: {"additionalProperty":"flutter"}
[error] Failed to fetch Firebase Project from Studio Workspace because WORKSPACE_SLUG environment variable is empty
[debug] [2026-01-18T17:24:44.836Z] > command requires scopes: ["email","openid","https://www.googleapis.com/auth/cloudplatformprojects.readonly","https://www.googleapis.com/auth/firebase","https://www.googleapis.com/auth/cloud-platform","https://www.googleapis.com/auth/userinfo.email"]
[debug] [2026-01-18T17:24:44.836Z] > authorizing via signed-in user (sharathsd63@gmail.com)
[debug] [2026-01-18T17:24:44.836Z] No OAuth tokens found
[debug] [2026-01-18T17:24:44.836Z] >>> [apiv2][query] GET https://cloudbilling.googleapis.com/v1/projects/areuwfo-tracker/billingInfo [none]
[debug] [2026-01-18T17:24:44.878Z] <<< [apiv2][status] GET https://serviceusage.googleapis.com/v1/projects/areuwfo-tracker/services/firebaseio.com 403
[debug] [2026-01-18T17:24:44.878Z] <<< [apiv2][body] GET https://serviceusage.googleapis.com/v1/projects/areuwfo-tracker/services/firebaseio.com [omitted]
[debug] [2026-01-18T17:24:44.916Z] <<< [apiv2][status] GET https://serviceusage.googleapis.com/v1/projects/areuwfo-tracker/services/firebasedataconnect.googleapis.com 200
[debug] [2026-01-18T17:24:44.916Z] <<< [apiv2][body] GET https://serviceusage.googleapis.com/v1/projects/areuwfo-tracker/services/firebasedataconnect.googleapis.com [omitted]
[debug] [2026-01-18T17:24:44.947Z] <<< [apiv2][status] GET https://serviceusage.googleapis.com/v1/projects/areuwfo-tracker/services/firebaseapphosting.googleapis.com 200
[debug] [2026-01-18T17:24:44.947Z] <<< [apiv2][body] GET https://serviceusage.googleapis.com/v1/projects/areuwfo-tracker/services/firebaseapphosting.googleapis.com [omitted]
[debug] [2026-01-18T17:24:44.951Z] <<< [apiv2][status] GET https://serviceusage.googleapis.com/v1/projects/areuwfo-tracker/services/firestore.googleapis.com 200
[debug] [2026-01-18T17:24:44.951Z] <<< [apiv2][body] GET https://serviceusage.googleapis.com/v1/projects/areuwfo-tracker/services/firestore.googleapis.com [omitted]
[debug] [2026-01-18T17:24:44.962Z] <<< [apiv2][status] GET https://serviceusage.googleapis.com/v1/projects/areuwfo-tracker/services/cloudfunctions.googleapis.com 200
[debug] [2026-01-18T17:24:44.962Z] <<< [apiv2][body] GET https://serviceusage.googleapis.com/v1/projects/areuwfo-tracker/services/cloudfunctions.googleapis.com [omitted]
[debug] [2026-01-18T17:24:44.963Z] Object "" in "firebase.json" has unknown property: {"additionalProperty":"flutter"}
[error] Failed to fetch Firebase Project from Studio Workspace because WORKSPACE_SLUG environment variable is empty
[debug] [2026-01-18T17:24:44.964Z] Object "" in "firebase.json" has unknown property: {"additionalProperty":"flutter"}
[error] Failed to fetch Firebase Project from Studio Workspace because WORKSPACE_SLUG environment variable is empty
[debug] [2026-01-18T17:24:44.964Z] Object "" in "firebase.json" has unknown property: {"additionalProperty":"flutter"}
[error] Failed to fetch Firebase Project from Studio Workspace because WORKSPACE_SLUG environment variable is empty
[debug] [2026-01-18T17:24:44.965Z] > command requires scopes: ["email","openid","https://www.googleapis.com/auth/cloudplatformprojects.readonly","https://www.googleapis.com/auth/firebase","https://www.googleapis.com/auth/cloud-platform","https://www.googleapis.com/auth/userinfo.email"]
[debug] [2026-01-18T17:24:44.965Z] > authorizing via signed-in user (sharathsd63@gmail.com)
[debug] [2026-01-18T17:24:44.965Z] No OAuth tokens found
[debug] [2026-01-18T17:24:44.965Z] >>> [apiv2][query] GET https://cloudbilling.googleapis.com/v1/projects/areuwfo-tracker/billingInfo [none]
[debug] [2026-01-18T17:24:45.011Z] <<< [apiv2][status] GET https://cloudbilling.googleapis.com/v1/projects/areuwfo-tracker/billingInfo 200
[debug] [2026-01-18T17:24:45.012Z] <<< [apiv2][body] GET https://cloudbilling.googleapis.com/v1/projects/areuwfo-tracker/billingInfo {"name":"projects/areuwfo-tracker/billingInfo","projectId":"areuwfo-tracker","billingAccountName":"","billingEnabled":false}
[debug] [2026-01-18T17:24:45.012Z] Object "" in "firebase.json" has unknown property: {"additionalProperty":"flutter"}
[debug] [2026-01-18T17:24:45.187Z] Object "" in "firebase.json" has unknown property: {"additionalProperty":"flutter"}
[error] Failed to fetch Firebase Project from Studio Workspace because WORKSPACE_SLUG environment variable is empty
[debug] [2026-01-18T17:24:45.188Z] > command requires scopes: ["email","openid","https://www.googleapis.com/auth/cloudplatformprojects.readonly","https://www.googleapis.com/auth/firebase","https://www.googleapis.com/auth/cloud-platform","https://www.googleapis.com/auth/userinfo.email"]
[debug] [2026-01-18T17:24:45.188Z] > authorizing via signed-in user (sharathsd63@gmail.com)
[debug] [2026-01-18T17:24:45.218Z] <<< [apiv2][status] GET https://cloudbilling.googleapis.com/v1/projects/areuwfo-tracker/billingInfo 200
[debug] [2026-01-18T17:24:45.218Z] <<< [apiv2][body] GET https://cloudbilling.googleapis.com/v1/projects/areuwfo-tracker/billingInfo {"name":"projects/areuwfo-tracker/billingInfo","projectId":"areuwfo-tracker","billingAccountName":"","billingEnabled":false}
[debug] [2026-01-18T17:24:45.218Z] Object "" in "firebase.json" has unknown property: {"additionalProperty":"flutter"}
[debug] [2026-01-18T17:24:45.400Z] <<< [apiv2][status] GET https://cloudbilling.googleapis.com/v1/projects/areuwfo-tracker/billingInfo 200
[debug] [2026-01-18T17:24:45.401Z] <<< [apiv2][body] GET https://cloudbilling.googleapis.com/v1/projects/areuwfo-tracker/billingInfo {"name":"projects/areuwfo-tracker/billingInfo","projectId":"areuwfo-tracker","billingAccountName":"","billingEnabled":false}
[debug] [2026-01-18T17:24:45.401Z] Object "" in "firebase.json" has unknown property: {"additionalProperty":"flutter"}
[debug] [2026-01-18T17:24:45.442Z] Object "" in "firebase.json" has unknown property: {"additionalProperty":"flutter"}
[error] Failed to fetch Firebase Project from Studio Workspace because WORKSPACE_SLUG environment variable is empty
[debug] [2026-01-18T17:24:45.443Z] > command requires scopes: ["email","openid","https://www.googleapis.com/auth/cloudplatformprojects.readonly","https://www.googleapis.com/auth/firebase","https://www.googleapis.com/auth/cloud-platform","https://www.googleapis.com/auth/userinfo.email"]
[debug] [2026-01-18T17:24:45.444Z] > authorizing via signed-in user (sharathsd63@gmail.com)
[debug] [2026-01-18T17:24:45.463Z] Object "" in "firebase.json" has unknown property: {"additionalProperty":"flutter"}
[error] Failed to fetch Firebase Project from Studio Workspace because WORKSPACE_SLUG environment variable is empty
[debug] [2026-01-18T17:24:45.464Z] > command requires scopes: ["email","openid","https://www.googleapis.com/auth/cloudplatformprojects.readonly","https://www.googleapis.com/auth/firebase","https://www.googleapis.com/auth/cloud-platform","https://www.googleapis.com/auth/userinfo.email"]
[debug] [2026-01-18T17:24:45.464Z] > authorizing via signed-in user (sharathsd63@gmail.com)
[debug] [2026-01-18T17:24:45.495Z] <<< [apiv2][status] GET https://serviceusage.googleapis.com/v1/projects/areuwfo-tracker/services/firebaseio.com 403
[debug] [2026-01-18T17:24:45.495Z] <<< [apiv2][body] GET https://serviceusage.googleapis.com/v1/projects/areuwfo-tracker/services/firebaseio.com [omitted]
[debug] [2026-01-18T17:24:45.500Z] <<< [apiv2][status] GET https://serviceusage.googleapis.com/v1/projects/areuwfo-tracker/services/cloudfunctions.googleapis.com 200
[debug] [2026-01-18T17:24:45.500Z] <<< [apiv2][body] GET https://serviceusage.googleapis.com/v1/projects/areuwfo-tracker/services/cloudfunctions.googleapis.com [omitted]
[debug] [2026-01-18T17:24:45.513Z] <<< [apiv2][status] GET https://serviceusage.googleapis.com/v1/projects/areuwfo-tracker/services/firestore.googleapis.com 200
[debug] [2026-01-18T17:24:45.513Z] <<< [apiv2][body] GET https://serviceusage.googleapis.com/v1/projects/areuwfo-tracker/services/firestore.googleapis.com [omitted]
[debug] [2026-01-18T17:24:45.532Z] <<< [apiv2][status] GET https://serviceusage.googleapis.com/v1/projects/areuwfo-tracker/services/firebaseapphosting.googleapis.com 200
[debug] [2026-01-18T17:24:45.532Z] <<< [apiv2][body] GET https://serviceusage.googleapis.com/v1/projects/areuwfo-tracker/services/firebaseapphosting.googleapis.com [omitted]
[debug] [2026-01-18T17:24:45.536Z] <<< [apiv2][status] GET https://serviceusage.googleapis.com/v1/projects/areuwfo-tracker/services/firebasedataconnect.googleapis.com 200
[debug] [2026-01-18T17:24:45.536Z] <<< [apiv2][body] GET https://serviceusage.googleapis.com/v1/projects/areuwfo-tracker/services/firebasedataconnect.googleapis.com [omitted]
[debug] [2026-01-18T17:53:42.792Z] Object "" in "firebase.json" has unknown property: {"additionalProperty":"flutter"}
[error] Failed to fetch Firebase Project from Studio Workspace because WORKSPACE_SLUG environment variable is empty
[debug] [2026-01-18T17:53:42.798Z] Object "" in "firebase.json" has unknown property: {"additionalProperty":"flutter"}
[error] Failed to fetch Firebase Project from Studio Workspace because WORKSPACE_SLUG environment variable is empty
[debug] [2026-01-18T17:53:42.799Z] > command requires scopes: ["email","openid","https://www.googleapis.com/auth/cloudplatformprojects.readonly","https://www.googleapis.com/auth/firebase","https://www.googleapis.com/auth/cloud-platform","https://www.googleapis.com/auth/userinfo.email"]
[debug] [2026-01-18T17:53:42.799Z] > authorizing via signed-in user (sharathsd63@gmail.com)
[debug] [2026-01-18T17:53:42.800Z] No OAuth tokens found
[debug] [2026-01-18T17:53:42.801Z] No OAuth tokens found
[debug] [2026-01-18T17:53:42.801Z] > command requires scopes: ["email","openid","https://www.googleapis.com/auth/cloudplatformprojects.readonly","https://www.googleapis.com/auth/firebase","https://www.googleapis.com/auth/cloud-platform","https://www.googleapis.com/auth/userinfo.email"]
[debug] [2026-01-18T17:53:42.801Z] > authorizing via signed-in user (sharathsd63@gmail.com)
[debug] [2026-01-18T17:53:42.803Z] >>> [apiv2][query] GET https://cloudbilling.googleapis.com/v1/projects/areuwfo-tracker/billingInfo [none]
[debug] [2026-01-18T17:53:42.843Z] Object "" in "firebase.json" has unknown property: {"additionalProperty":"flutter"}
[error] Failed to fetch Firebase Project from Studio Workspace because WORKSPACE_SLUG environment variable is empty
[debug] [2026-01-18T17:53:42.844Z] Object "" in "firebase.json" has unknown property: {"additionalProperty":"flutter"}
[error] Failed to fetch Firebase Project from Studio Workspace because WORKSPACE_SLUG environment variable is empty
[debug] [2026-01-18T17:53:42.845Z] > command requires scopes: ["email","openid","https://www.googleapis.com/auth/cloudplatformprojects.readonly","https://www.googleapis.com/auth/firebase","https://www.googleapis.com/auth/cloud-platform","https://www.googleapis.com/auth/userinfo.email"]
[debug] [2026-01-18T17:53:42.845Z] > authorizing via signed-in user (sharathsd63@gmail.com)
[debug] [2026-01-18T17:53:42.845Z] No OAuth tokens found
[debug] [2026-01-18T17:53:42.845Z] No OAuth tokens found
[debug] [2026-01-18T17:53:42.845Z] > command requires scopes: ["email","openid","https://www.googleapis.com/auth/cloudplatformprojects.readonly","https://www.googleapis.com/auth/firebase","https://www.googleapis.com/auth/cloud-platform","https://www.googleapis.com/auth/userinfo.email"]
[debug] [2026-01-18T17:53:42.845Z] > authorizing via signed-in user (sharathsd63@gmail.com)
[debug] [2026-01-18T17:53:42.846Z] >>> [apiv2][query] GET https://cloudbilling.googleapis.com/v1/projects/areuwfo-tracker/billingInfo [none]
[debug] [2026-01-18T17:53:43.300Z] <<< [apiv2][status] GET https://cloudbilling.googleapis.com/v1/projects/areuwfo-tracker/billingInfo 200
[debug] [2026-01-18T17:53:43.301Z] <<< [apiv2][body] GET https://cloudbilling.googleapis.com/v1/projects/areuwfo-tracker/billingInfo {"name":"projects/areuwfo-tracker/billingInfo","projectId":"areuwfo-tracker","billingAccountName":"","billingEnabled":false}
[debug] [2026-01-18T17:53:43.301Z] Object "" in "firebase.json" has unknown property: {"additionalProperty":"flutter"}
[debug] [2026-01-18T17:53:43.309Z] No OAuth tokens found
[debug] [2026-01-18T17:53:43.309Z] No OAuth tokens found
[debug] [2026-01-18T17:53:43.309Z] > command requires scopes: ["email","openid","https://www.googleapis.com/auth/cloudplatformprojects.readonly","https://www.googleapis.com/auth/firebase","https://www.googleapis.com/auth/cloud-platform","https://www.googleapis.com/auth/userinfo.email"]
[debug] [2026-01-18T17:53:43.310Z] > authorizing via signed-in user (sharathsd63@gmail.com)
[debug] [2026-01-18T17:53:43.310Z] No OAuth tokens found
[debug] [2026-01-18T17:53:43.310Z] No OAuth tokens found
[debug] [2026-01-18T17:53:43.310Z] > command requires scopes: ["email","openid","https://www.googleapis.com/auth/cloudplatformprojects.readonly","https://www.googleapis.com/auth/firebase","https://www.googleapis.com/auth/cloud-platform","https://www.googleapis.com/auth/userinfo.email"]
[debug] [2026-01-18T17:53:43.310Z] > authorizing via signed-in user (sharathsd63@gmail.com)
[debug] [2026-01-18T17:53:43.311Z] No OAuth tokens found
[debug] [2026-01-18T17:53:43.311Z] No OAuth tokens found
[debug] [2026-01-18T17:53:43.311Z] > command requires scopes: ["email","openid","https://www.googleapis.com/auth/cloudplatformprojects.readonly","https://www.googleapis.com/auth/firebase","https://www.googleapis.com/auth/cloud-platform","https://www.googleapis.com/auth/userinfo.email"]
[debug] [2026-01-18T17:53:43.312Z] > authorizing via signed-in user (sharathsd63@gmail.com)
[debug] [2026-01-18T17:53:43.327Z] No OAuth tokens found
[debug] [2026-01-18T17:53:43.327Z] No OAuth tokens found
[debug] [2026-01-18T17:53:43.327Z] > command requires scopes: ["email","openid","https://www.googleapis.com/auth/cloudplatformprojects.readonly","https://www.googleapis.com/auth/firebase","https://www.googleapis.com/auth/cloud-platform","https://www.googleapis.com/auth/userinfo.email"]
[debug] [2026-01-18T17:53:43.327Z] > authorizing via signed-in user (sharathsd63@gmail.com)
[debug] [2026-01-18T17:53:43.328Z] No OAuth tokens found
[debug] [2026-01-18T17:53:43.328Z] No OAuth tokens found
[debug] [2026-01-18T17:53:43.328Z] > command requires scopes: ["email","openid","https://www.googleapis.com/auth/cloudplatformprojects.readonly","https://www.googleapis.com/auth/firebase","https://www.googleapis.com/auth/cloud-platform","https://www.googleapis.com/auth/userinfo.email"]
[debug] [2026-01-18T17:53:43.328Z] > authorizing via signed-in user (sharathsd63@gmail.com)
[debug] [2026-01-18T17:53:43.328Z] >>> [apiv2][query] GET https://serviceusage.googleapis.com/v1/projects/areuwfo-tracker/services/firestore.googleapis.com [none]
[debug] [2026-01-18T17:53:43.329Z] >>> [apiv2][(partial)header] GET https://serviceusage.googleapis.com/v1/projects/areuwfo-tracker/services/firestore.googleapis.com x-goog-quota-user=projects/areuwfo-tracker
[debug] [2026-01-18T17:53:43.330Z] >>> [apiv2][query] GET https://serviceusage.googleapis.com/v1/projects/areuwfo-tracker/services/firebasedataconnect.googleapis.com [none]
[debug] [2026-01-18T17:53:43.330Z] >>> [apiv2][(partial)header] GET https://serviceusage.googleapis.com/v1/projects/areuwfo-tracker/services/firebasedataconnect.googleapis.com x-goog-quota-user=projects/areuwfo-tracker
[debug] [2026-01-18T17:53:43.332Z] >>> [apiv2][query] GET https://serviceusage.googleapis.com/v1/projects/areuwfo-tracker/services/cloudfunctions.googleapis.com [none]
[debug] [2026-01-18T17:53:43.332Z] >>> [apiv2][(partial)header] GET https://serviceusage.googleapis.com/v1/projects/areuwfo-tracker/services/cloudfunctions.googleapis.com x-goog-quota-user=projects/areuwfo-tracker
[debug] [2026-01-18T17:53:43.333Z] >>> [apiv2][query] GET https://serviceusage.googleapis.com/v1/projects/areuwfo-tracker/services/firebaseapphosting.googleapis.com [none]
[debug] [2026-01-18T17:53:43.333Z] >>> [apiv2][(partial)header] GET https://serviceusage.googleapis.com/v1/projects/areuwfo-tracker/services/firebaseapphosting.googleapis.com x-goog-quota-user=projects/areuwfo-tracker
[debug] [2026-01-18T17:53:43.334Z] >>> [apiv2][query] GET https://serviceusage.googleapis.com/v1/projects/areuwfo-tracker/services/firebaseio.com [none]
[debug] [2026-01-18T17:53:43.334Z] >>> [apiv2][(partial)header] GET https://serviceusage.googleapis.com/v1/projects/areuwfo-tracker/services/firebaseio.com x-goog-quota-user=projects/areuwfo-tracker
[debug] [2026-01-18T17:53:43.977Z] <<< [apiv2][status] GET https://cloudbilling.googleapis.com/v1/projects/areuwfo-tracker/billingInfo 200
[debug] [2026-01-18T17:53:43.978Z] <<< [apiv2][body] GET https://cloudbilling.googleapis.com/v1/projects/areuwfo-tracker/billingInfo {"name":"projects/areuwfo-tracker/billingInfo","projectId":"areuwfo-tracker","billingAccountName":"","billingEnabled":false}
[debug] [2026-01-18T17:53:43.978Z] Object "" in "firebase.json" has unknown property: {"additionalProperty":"flutter"}
[debug] [2026-01-18T17:53:43.979Z] No OAuth tokens found
[debug] [2026-01-18T17:53:43.979Z] No OAuth tokens found
[debug] [2026-01-18T17:53:43.979Z] > command requires scopes: ["email","openid","https://www.googleapis.com/auth/cloudplatformprojects.readonly","https://www.googleapis.com/auth/firebase","https://www.googleapis.com/auth/cloud-platform","https://www.googleapis.com/auth/userinfo.email"]
[debug] [2026-01-18T17:53:43.979Z] > authorizing via signed-in user (sharathsd63@gmail.com)
[debug] [2026-01-18T17:53:43.980Z] No OAuth tokens found
[debug] [2026-01-18T17:53:43.980Z] No OAuth tokens found
[debug] [2026-01-18T17:53:43.980Z] > command requires scopes: ["email","openid","https://www.googleapis.com/auth/cloudplatformprojects.readonly","https://www.googleapis.com/auth/firebase","https://www.googleapis.com/auth/cloud-platform","https://www.googleapis.com/auth/userinfo.email"]
[debug] [2026-01-18T17:53:43.980Z] > authorizing via signed-in user (sharathsd63@gmail.com)
[debug] [2026-01-18T17:53:43.981Z] No OAuth tokens found
[debug] [2026-01-18T17:53:43.981Z] No OAuth tokens found
[debug] [2026-01-18T17:53:43.981Z] > command requires scopes: ["email","openid","https://www.googleapis.com/auth/cloudplatformprojects.readonly","https://www.googleapis.com/auth/firebase","https://www.googleapis.com/auth/cloud-platform","https://www.googleapis.com/auth/userinfo.email"]
[debug] [2026-01-18T17:53:43.981Z] > authorizing via signed-in user (sharathsd63@gmail.com)
[debug] [2026-01-18T17:53:43.987Z] No OAuth tokens found
[debug] [2026-01-18T17:53:43.987Z] No OAuth tokens found
[debug] [2026-01-18T17:53:43.988Z] > command requires scopes: ["email","openid","https://www.googleapis.com/auth/cloudplatformprojects.readonly","https://www.googleapis.com/auth/firebase","https://www.googleapis.com/auth/cloud-platform","https://www.googleapis.com/auth/userinfo.email"]
[debug] [2026-01-18T17:53:43.988Z] > authorizing via signed-in user (sharathsd63@gmail.com)
[debug] [2026-01-18T17:53:43.988Z] No OAuth tokens found
[debug] [2026-01-18T17:53:43.988Z] No OAuth tokens found
[debug] [2026-01-18T17:53:43.988Z] > command requires scopes: ["email","openid","https://www.googleapis.com/auth/cloudplatformprojects.readonly","https://www.googleapis.com/auth/firebase","https://www.googleapis.com/auth/cloud-platform","https://www.googleapis.com/auth/userinfo.email"]
[debug] [2026-01-18T17:53:43.989Z] > authorizing via signed-in user (sharathsd63@gmail.com)
[debug] [2026-01-18T17:53:43.989Z] >>> [apiv2][query] GET https://serviceusage.googleapis.com/v1/projects/areuwfo-tracker/services/firestore.googleapis.com [none]
[debug] [2026-01-18T17:53:43.989Z] >>> [apiv2][(partial)header] GET https://serviceusage.googleapis.com/v1/projects/areuwfo-tracker/services/firestore.googleapis.com x-goog-quota-user=projects/areuwfo-tracker
[debug] [2026-01-18T17:53:43.991Z] >>> [apiv2][query] GET https://serviceusage.googleapis.com/v1/projects/areuwfo-tracker/services/firebasedataconnect.googleapis.com [none]
[debug] [2026-01-18T17:53:43.991Z] >>> [apiv2][(partial)header] GET https://serviceusage.googleapis.com/v1/projects/areuwfo-tracker/services/firebasedataconnect.googleapis.com x-goog-quota-user=projects/areuwfo-tracker
[debug] [2026-01-18T17:53:43.993Z] >>> [apiv2][query] GET https://serviceusage.googleapis.com/v1/projects/areuwfo-tracker/services/cloudfunctions.googleapis.com [none]
[debug] [2026-01-18T17:53:43.994Z] >>> [apiv2][(partial)header] GET https://serviceusage.googleapis.com/v1/projects/areuwfo-tracker/services/cloudfunctions.googleapis.com x-goog-quota-user=projects/areuwfo-tracker
[debug] [2026-01-18T17:53:43.996Z] >>> [apiv2][query] GET https://serviceusage.googleapis.com/v1/projects/areuwfo-tracker/services/firebaseapphosting.googleapis.com [none]
[debug] [2026-01-18T17:53:43.996Z] >>> [apiv2][(partial)header] GET https://serviceusage.googleapis.com/v1/projects/areuwfo-tracker/services/firebaseapphosting.googleapis.com x-goog-quota-user=projects/areuwfo-tracker
[debug] [2026-01-18T17:53:43.998Z] >>> [apiv2][query] GET https://serviceusage.googleapis.com/v1/projects/areuwfo-tracker/services/firebaseio.com [none]
[debug] [2026-01-18T17:53:43.998Z] >>> [apiv2][(partial)header] GET https://serviceusage.googleapis.com/v1/projects/areuwfo-tracker/services/firebaseio.com x-goog-quota-user=projects/areuwfo-tracker
[debug] [2026-01-18T17:53:44.360Z] <<< [apiv2][status] GET https://serviceusage.googleapis.com/v1/projects/areuwfo-tracker/services/firebaseio.com 403
[debug] [2026-01-18T17:53:44.361Z] <<< [apiv2][body] GET https://serviceusage.googleapis.com/v1/projects/areuwfo-tracker/services/firebaseio.com [omitted]
[debug] [2026-01-18T17:53:44.382Z] <<< [apiv2][status] GET https://serviceusage.googleapis.com/v1/projects/areuwfo-tracker/services/firestore.googleapis.com 200
[debug] [2026-01-18T17:53:44.383Z] <<< [apiv2][body] GET https://serviceusage.googleapis.com/v1/projects/areuwfo-tracker/services/firestore.googleapis.com [omitted]
[debug] [2026-01-18T17:53:44.394Z] <<< [apiv2][status] GET https://serviceusage.googleapis.com/v1/projects/areuwfo-tracker/services/cloudfunctions.googleapis.com 200
[debug] [2026-01-18T17:53:44.394Z] <<< [apiv2][body] GET https://serviceusage.googleapis.com/v1/projects/areuwfo-tracker/services/cloudfunctions.googleapis.com [omitted]
[debug] [2026-01-18T17:53:44.397Z] <<< [apiv2][status] GET https://serviceusage.googleapis.com/v1/projects/areuwfo-tracker/services/firebaseapphosting.googleapis.com 200
[debug] [2026-01-18T17:53:44.397Z] <<< [apiv2][body] GET https://serviceusage.googleapis.com/v1/projects/areuwfo-tracker/services/firebaseapphosting.googleapis.com [omitted]
[debug] [2026-01-18T17:53:44.418Z] <<< [apiv2][status] GET https://serviceusage.googleapis.com/v1/projects/areuwfo-tracker/services/firebasedataconnect.googleapis.com 200
[debug] [2026-01-18T17:53:44.418Z] <<< [apiv2][body] GET https://serviceusage.googleapis.com/v1/projects/areuwfo-tracker/services/firebasedataconnect.googleapis.com [omitted]
[debug] [2026-01-18T17:53:44.985Z] <<< [apiv2][status] GET https://serviceusage.googleapis.com/v1/projects/areuwfo-tracker/services/firebaseio.com 403
[debug] [2026-01-18T17:53:44.985Z] <<< [apiv2][body] GET https://serviceusage.googleapis.com/v1/projects/areuwfo-tracker/services/firebaseio.com [omitted]
[debug] [2026-01-18T17:53:45.004Z] <<< [apiv2][status] GET https://serviceusage.googleapis.com/v1/projects/areuwfo-tracker/services/firebaseapphosting.googleapis.com 200
[debug] [2026-01-18T17:53:45.004Z] <<< [apiv2][body] GET https://serviceusage.googleapis.com/v1/projects/areuwfo-tracker/services/firebaseapphosting.googleapis.com [omitted]
[debug] [2026-01-18T17:53:45.012Z] <<< [apiv2][status] GET https://serviceusage.googleapis.com/v1/projects/areuwfo-tracker/services/firebasedataconnect.googleapis.com 200
[debug] [2026-01-18T17:53:45.012Z] <<< [apiv2][body] GET https://serviceusage.googleapis.com/v1/projects/areuwfo-tracker/services/firebasedataconnect.googleapis.com [omitted]
[debug] [2026-01-18T17:53:45.036Z] <<< [apiv2][status] GET https://serviceusage.googleapis.com/v1/projects/areuwfo-tracker/services/firestore.googleapis.com 200
[debug] [2026-01-18T17:53:45.036Z] <<< [apiv2][body] GET https://serviceusage.googleapis.com/v1/projects/areuwfo-tracker/services/firestore.googleapis.com [omitted]
[debug] [2026-01-18T17:53:45.042Z] <<< [apiv2][status] GET https://serviceusage.googleapis.com/v1/projects/areuwfo-tracker/services/cloudfunctions.googleapis.com 200
[debug] [2026-01-18T17:53:45.042Z] <<< [apiv2][body] GET https://serviceusage.googleapis.com/v1/projects/areuwfo-tracker/services/cloudfunctions.googleapis.com [omitted]
[debug] [2026-01-18T17:53:45.043Z] Object "" in "firebase.json" has unknown property: {"additionalProperty":"flutter"}
[error] Failed to fetch Firebase Project from Studio Workspace because WORKSPACE_SLUG environment variable is empty
[debug] [2026-01-18T17:53:45.045Z] Object "" in "firebase.json" has unknown property: {"additionalProperty":"flutter"}
[error] Failed to fetch Firebase Project from Studio Workspace because WORKSPACE_SLUG environment variable is empty
[debug] [2026-01-18T17:53:45.046Z] Object "" in "firebase.json" has unknown property: {"additionalProperty":"flutter"}
[error] Failed to fetch Firebase Project from Studio Workspace because WORKSPACE_SLUG environment variable is empty
[debug] [2026-01-18T17:53:45.046Z] > command requires scopes: ["email","openid","https://www.googleapis.com/auth/cloudplatformprojects.readonly","https://www.googleapis.com/auth/firebase","https://www.googleapis.com/auth/cloud-platform","https://www.googleapis.com/auth/userinfo.email"]
[debug] [2026-01-18T17:53:45.046Z] > authorizing via signed-in user (sharathsd63@gmail.com)
[debug] [2026-01-18T17:53:45.046Z] No OAuth tokens found
[debug] [2026-01-18T17:53:45.047Z] No OAuth tokens found
[debug] [2026-01-18T17:53:45.047Z] > command requires scopes: ["email","openid","https://www.googleapis.com/auth/cloudplatformprojects.readonly","https://www.googleapis.com/auth/firebase","https://www.googleapis.com/auth/cloud-platform","https://www.googleapis.com/auth/userinfo.email"]
[debug] [2026-01-18T17:53:45.047Z] > authorizing via signed-in user (sharathsd63@gmail.com)
[debug] [2026-01-18T17:53:45.047Z] >>> [apiv2][query] GET https://cloudbilling.googleapis.com/v1/projects/areuwfo-tracker/billingInfo [none]
[debug] [2026-01-18T17:53:45.271Z] <<< [apiv2][status] GET https://cloudbilling.googleapis.com/v1/projects/areuwfo-tracker/billingInfo 200
[debug] [2026-01-18T17:53:45.271Z] <<< [apiv2][body] GET https://cloudbilling.googleapis.com/v1/projects/areuwfo-tracker/billingInfo {"name":"projects/areuwfo-tracker/billingInfo","projectId":"areuwfo-tracker","billingAccountName":"","billingEnabled":false}
[debug] [2026-01-18T17:53:45.272Z] Object "" in "firebase.json" has unknown property: {"additionalProperty":"flutter"}
[debug] [2026-01-18T17:53:45.496Z] Object "" in "firebase.json" has unknown property: {"additionalProperty":"flutter"}
[error] Failed to fetch Firebase Project from Studio Workspace because WORKSPACE_SLUG environment variable is empty
[debug] [2026-01-18T17:53:45.497Z] > command requires scopes: ["email","openid","https://www.googleapis.com/auth/cloudplatformprojects.readonly","https://www.googleapis.com/auth/firebase","https://www.googleapis.com/auth/cloud-platform","https://www.googleapis.com/auth/userinfo.email"]
[debug] [2026-01-18T17:53:45.497Z] > authorizing via signed-in user (sharathsd63@gmail.com)
[debug] [2026-01-18T17:53:45.507Z] Object "" in "firebase.json" has unknown property: {"additionalProperty":"flutter"}
[error] Failed to fetch Firebase Project from Studio Workspace because WORKSPACE_SLUG environment variable is empty
[debug] [2026-01-18T17:53:45.508Z] Object "" in "firebase.json" has unknown property: {"additionalProperty":"flutter"}
[error] Failed to fetch Firebase Project from Studio Workspace because WORKSPACE_SLUG environment variable is empty
[debug] [2026-01-18T17:53:45.509Z] Object "" in "firebase.json" has unknown property: {"additionalProperty":"flutter"}
[error] Failed to fetch Firebase Project from Studio Workspace because WORKSPACE_SLUG environment variable is empty
[debug] [2026-01-18T17:53:45.509Z] > command requires scopes: ["email","openid","https://www.googleapis.com/auth/cloudplatformprojects.readonly","https://www.googleapis.com/auth/firebase","https://www.googleapis.com/auth/cloud-platform","https://www.googleapis.com/auth/userinfo.email"]
[debug] [2026-01-18T17:53:45.510Z] > authorizing via signed-in user (sharathsd63@gmail.com)
[debug] [2026-01-18T17:53:45.510Z] No OAuth tokens found
[debug] [2026-01-18T17:53:45.510Z] No OAuth tokens found
[debug] [2026-01-18T17:53:45.510Z] > command requires scopes: ["email","openid","https://www.googleapis.com/auth/cloudplatformprojects.readonly","https://www.googleapis.com/auth/firebase","https://www.googleapis.com/auth/cloud-platform","https://www.googleapis.com/auth/userinfo.email"]
[debug] [2026-01-18T17:53:45.510Z] > authorizing via signed-in user (sharathsd63@gmail.com)
[debug] [2026-01-18T17:53:45.510Z] >>> [apiv2][query] GET https://cloudbilling.googleapis.com/v1/projects/areuwfo-tracker/billingInfo [none]
[debug] [2026-01-18T17:53:45.512Z] Object "" in "firebase.json" has unknown property: {"additionalProperty":"flutter"}
[error] Failed to fetch Firebase Project from Studio Workspace because WORKSPACE_SLUG environment variable is empty
[debug] [2026-01-18T17:53:45.513Z] Object "" in "firebase.json" has unknown property: {"additionalProperty":"flutter"}
[error] Failed to fetch Firebase Project from Studio Workspace because WORKSPACE_SLUG environment variable is empty
[debug] [2026-01-18T17:53:45.514Z] Object "" in "firebase.json" has unknown property: {"additionalProperty":"flutter"}
[error] Failed to fetch Firebase Project from Studio Workspace because WORKSPACE_SLUG environment variable is empty
[debug] [2026-01-18T17:53:45.514Z] > command requires scopes: ["email","openid","https://www.googleapis.com/auth/cloudplatformprojects.readonly","https://www.googleapis.com/auth/firebase","https://www.googleapis.com/auth/cloud-platform","https://www.googleapis.com/auth/userinfo.email"]
[debug] [2026-01-18T17:53:45.514Z] > authorizing via signed-in user (sharathsd63@gmail.com)
[debug] [2026-01-18T17:53:45.515Z] No OAuth tokens found
[debug] [2026-01-18T17:53:45.515Z] No OAuth tokens found
[debug] [2026-01-18T17:53:45.515Z] > command requires scopes: ["email","openid","https://www.googleapis.com/auth/cloudplatformprojects.readonly","https://www.googleapis.com/auth/firebase","https://www.googleapis.com/auth/cloud-platform","https://www.googleapis.com/auth/userinfo.email"]
[debug] [2026-01-18T17:53:45.515Z] > authorizing via signed-in user (sharathsd63@gmail.com)
[debug] [2026-01-18T17:53:45.515Z] >>> [apiv2][query] GET https://cloudbilling.googleapis.com/v1/projects/areuwfo-tracker/billingInfo [none]
[debug] [2026-01-18T17:53:45.895Z] <<< [apiv2][status] GET https://cloudbilling.googleapis.com/v1/projects/areuwfo-tracker/billingInfo 200
[debug] [2026-01-18T17:53:45.896Z] <<< [apiv2][body] GET https://cloudbilling.googleapis.com/v1/projects/areuwfo-tracker/billingInfo {"name":"projects/areuwfo-tracker/billingInfo","projectId":"areuwfo-tracker","billingAccountName":"","billingEnabled":false}
[debug] [2026-01-18T17:53:45.896Z] Object "" in "firebase.json" has unknown property: {"additionalProperty":"flutter"}
[debug] [2026-01-18T17:53:45.927Z] Object "" in "firebase.json" has unknown property: {"additionalProperty":"flutter"}
[error] Failed to fetch Firebase Project from Studio Workspace because WORKSPACE_SLUG environment variable is empty
[debug] [2026-01-18T17:53:45.928Z] > command requires scopes: ["email","openid","https://www.googleapis.com/auth/cloudplatformprojects.readonly","https://www.googleapis.com/auth/firebase","https://www.googleapis.com/auth/cloud-platform","https://www.googleapis.com/auth/userinfo.email"]
[debug] [2026-01-18T17:53:45.928Z] > authorizing via signed-in user (sharathsd63@gmail.com)
[debug] [2026-01-18T17:53:45.929Z] <<< [apiv2][status] GET https://cloudbilling.googleapis.com/v1/projects/areuwfo-tracker/billingInfo 200
[debug] [2026-01-18T17:53:45.929Z] <<< [apiv2][body] GET https://cloudbilling.googleapis.com/v1/projects/areuwfo-tracker/billingInfo {"name":"projects/areuwfo-tracker/billingInfo","projectId":"areuwfo-tracker","billingAccountName":"","billingEnabled":false}
[debug] [2026-01-18T17:53:45.929Z] Object "" in "firebase.json" has unknown property: {"additionalProperty":"flutter"}
[debug] [2026-01-18T17:53:46.116Z] Object "" in "firebase.json" has unknown property: {"additionalProperty":"flutter"}
[error] Failed to fetch Firebase Project from Studio Workspace because WORKSPACE_SLUG environment variable is empty
[debug] [2026-01-18T17:53:46.117Z] > command requires scopes: ["email","openid","https://www.googleapis.com/auth/cloudplatformprojects.readonly","https://www.googleapis.com/auth/firebase","https://www.googleapis.com/auth/cloud-platform","https://www.googleapis.com/auth/userinfo.email"]
[debug] [2026-01-18T17:53:46.117Z] > authorizing via signed-in user (sharathsd63@gmail.com)
[debug] [2026-01-18T20:06:41.533Z] Object "" in "firebase.json" has unknown property: {"additionalProperty":"flutter"}
[error] Failed to fetch Firebase Project from Studio Workspace because WORKSPACE_SLUG environment variable is empty
[debug] [2026-01-18T20:06:41.539Z] Object "" in "firebase.json" has unknown property: {"additionalProperty":"flutter"}
[error] Failed to fetch Firebase Project from Studio Workspace because WORKSPACE_SLUG environment variable is empty
[debug] [2026-01-18T20:06:41.545Z] Object "" in "firebase.json" has unknown property: {"additionalProperty":"flutter"}
[error] Failed to fetch Firebase Project from Studio Workspace because WORKSPACE_SLUG environment variable is empty
[debug] [2026-01-18T20:06:41.546Z] Object "" in "firebase.json" has unknown property: {"additionalProperty":"flutter"}
[error] Failed to fetch Firebase Project from Studio Workspace because WORKSPACE_SLUG environment variable is empty
[debug] [2026-01-18T20:06:41.547Z] > command requires scopes: ["email","openid","https://www.googleapis.com/auth/cloudplatformprojects.readonly","https://www.googleapis.com/auth/firebase","https://www.googleapis.com/auth/cloud-platform","https://www.googleapis.com/auth/userinfo.email"]
[debug] [2026-01-18T20:06:41.549Z] > command requires scopes: ["email","openid","https://www.googleapis.com/auth/cloudplatformprojects.readonly","https://www.googleapis.com/auth/firebase","https://www.googleapis.com/auth/cloud-platform","https://www.googleapis.com/auth/userinfo.email"]
[debug] [2026-01-18T20:06:41.569Z] Running auto auth
[debug] [2026-01-18T20:06:41.570Z] Running auto auth
[debug] [2026-01-18T20:06:41.649Z] No OAuth tokens found
[debug] [2026-01-18T20:06:41.652Z] >>> [apiv2][query] GET https://cloudbilling.googleapis.com/v1/projects/areuwfo-tracker/billingInfo [none]
[debug] [2026-01-18T20:06:41.759Z] No OAuth tokens found
[debug] [2026-01-18T20:06:41.759Z] >>> [apiv2][query] GET https://cloudbilling.googleapis.com/v1/projects/areuwfo-tracker/billingInfo [none]
[debug] [2026-01-18T20:06:41.972Z] <<< [apiv2][status] GET https://cloudbilling.googleapis.com/v1/projects/areuwfo-tracker/billingInfo 403
[debug] [2026-01-18T21:08:31.200Z] Object "" in "firebase.json" has unknown property: {"additionalProperty":"flutter"}
[error] Failed to fetch Firebase Project from Studio Workspace because WORKSPACE_SLUG environment variable is empty
[debug] [2026-01-18T21:08:31.205Z] Object "" in "firebase.json" has unknown property: {"additionalProperty":"flutter"}
[error] Failed to fetch Firebase Project from Studio Workspace because WORKSPACE_SLUG environment variable is empty
[debug] [2026-01-18T21:08:31.207Z] Object "" in "firebase.json" has unknown property: {"additionalProperty":"flutter"}
[error] Failed to fetch Firebase Project from Studio Workspace because WORKSPACE_SLUG environment variable is empty
[debug] [2026-01-18T21:08:31.207Z] Object "" in "firebase.json" has unknown property: {"additionalProperty":"flutter"}
[error] Failed to fetch Firebase Project from Studio Workspace because WORKSPACE_SLUG environment variable is empty
[debug] [2026-01-18T21:08:31.209Z] > command requires scopes: ["email","openid","https://www.googleapis.com/auth/cloudplatformprojects.readonly","https://www.googleapis.com/auth/firebase","https://www.googleapis.com/auth/cloud-platform","https://www.googleapis.com/auth/userinfo.email"]
[debug] [2026-01-18T21:08:31.210Z] > command requires scopes: ["email","openid","https://www.googleapis.com/auth/cloudplatformprojects.readonly","https://www.googleapis.com/auth/firebase","https://www.googleapis.com/auth/cloud-platform","https://www.googleapis.com/auth/userinfo.email"]
[debug] [2026-01-18T21:08:37.669Z] Running auto auth
[debug] [2026-01-18T21:08:37.669Z] Running auto auth
[debug] [2026-01-18T21:08:37.684Z] No OAuth tokens found
[debug] [2026-01-18T21:08:37.685Z] >>> [apiv2][query] GET https://cloudbilling.googleapis.com/v1/projects/areuwfo-tracker/billingInfo [none]
[debug] [2026-01-18T21:08:37.707Z] No OAuth tokens found
[debug] [2026-01-18T21:08:37.707Z] >>> [apiv2][query] GET https://cloudbilling.googleapis.com/v1/projects/areuwfo-tracker/billingInfo [none]
[debug] [2026-01-18T21:08:38.791Z] <<< [apiv2][status] GET https://cloudbilling.googleapis.com/v1/projects/areuwfo-tracker/billingInfo 200
[debug] [2026-01-18T21:08:38.791Z] <<< [apiv2][body] GET https://cloudbilling.googleapis.com/v1/projects/areuwfo-tracker/billingInfo {"name":"projects/areuwfo-tracker/billingInfo","projectId":"areuwfo-tracker","billingAccountName":"","billingEnabled":false}
[debug] [2026-01-18T21:08:38.792Z] Object "" in "firebase.json" has unknown property: {"additionalProperty":"flutter"}
[debug] [2026-01-18T21:08:38.796Z] No OAuth tokens found
[debug] [2026-01-18T21:08:38.796Z] No OAuth tokens found
[debug] [2026-01-18T21:08:38.797Z] No OAuth tokens found
[debug] [2026-01-18T21:08:38.809Z] No OAuth tokens found
[debug] [2026-01-18T21:08:38.810Z] No OAuth tokens found
[debug] [2026-01-18T21:08:38.810Z] >>> [apiv2][query] GET https://serviceusage.googleapis.com/v1/projects/areuwfo-tracker/services/firestore.googleapis.com [none]
[debug] [2026-01-18T21:08:38.810Z] >>> [apiv2][(partial)header] GET https://serviceusage.googleapis.com/v1/projects/areuwfo-tracker/services/firestore.googleapis.com x-goog-quota-user=projects/areuwfo-tracker
[debug] [2026-01-18T21:08:38.811Z] >>> [apiv2][query] GET https://serviceusage.googleapis.com/v1/projects/areuwfo-tracker/services/firebasedataconnect.googleapis.com [none]
[debug] [2026-01-18T21:08:38.811Z] >>> [apiv2][(partial)header] GET https://serviceusage.googleapis.com/v1/projects/areuwfo-tracker/services/firebasedataconnect.googleapis.com x-goog-quota-user=projects/areuwfo-tracker
[debug] [2026-01-18T21:08:38.812Z] >>> [apiv2][query] GET https://serviceusage.googleapis.com/v1/projects/areuwfo-tracker/services/cloudfunctions.googleapis.com [none]
[debug] [2026-01-18T21:08:38.812Z] >>> [apiv2][(partial)header] GET https://serviceusage.googleapis.com/v1/projects/areuwfo-tracker/services/cloudfunctions.googleapis.com x-goog-quota-user=projects/areuwfo-tracker
[debug] [2026-01-18T21:08:38.813Z] >>> [apiv2][query] GET https://serviceusage.googleapis.com/v1/projects/areuwfo-tracker/services/firebaseapphosting.googleapis.com [none]
[debug] [2026-01-18T21:08:38.813Z] >>> [apiv2][(partial)header] GET https://serviceusage.googleapis.com/v1/projects/areuwfo-tracker/services/firebaseapphosting.googleapis.com x-goog-quota-user=projects/areuwfo-tracker
[debug] [2026-01-18T21:08:38.814Z] >>> [apiv2][query] GET https://serviceusage.googleapis.com/v1/projects/areuwfo-tracker/services/firebaseio.com [none]
[debug] [2026-01-18T21:08:38.814Z] >>> [apiv2][(partial)header] GET https://serviceusage.googleapis.com/v1/projects/areuwfo-tracker/services/firebaseio.com x-goog-quota-user=projects/areuwfo-tracker
[debug] [2026-01-18T21:08:38.896Z] <<< [apiv2][status] GET https://cloudbilling.googleapis.com/v1/projects/areuwfo-tracker/billingInfo 200
[debug] [2026-01-18T21:08:38.896Z] <<< [apiv2][body] GET https://cloudbilling.googleapis.com/v1/projects/areuwfo-tracker/billingInfo {"name":"projects/areuwfo-tracker/billingInfo","projectId":"areuwfo-tracker","billingAccountName":"","billingEnabled":false}
[debug] [2026-01-18T21:08:38.897Z] Object "" in "firebase.json" has unknown property: {"additionalProperty":"flutter"}
[debug] [2026-01-18T21:08:38.897Z] No OAuth tokens found
[debug] [2026-01-18T21:08:38.897Z] No OAuth tokens found
[debug] [2026-01-18T21:08:38.898Z] No OAuth tokens found
[debug] [2026-01-18T21:08:38.901Z] No OAuth tokens found
[debug] [2026-01-18T21:08:38.901Z] No OAuth tokens found
[debug] [2026-01-18T21:08:38.902Z] >>> [apiv2][query] GET https://serviceusage.googleapis.com/v1/projects/areuwfo-tracker/services/firestore.googleapis.com [none]
[debug] [2026-01-18T21:08:38.902Z] >>> [apiv2][(partial)header] GET https://serviceusage.googleapis.com/v1/projects/areuwfo-tracker/services/firestore.googleapis.com x-goog-quota-user=projects/areuwfo-tracker
[debug] [2026-01-18T21:08:38.903Z] >>> [apiv2][query] GET https://serviceusage.googleapis.com/v1/projects/areuwfo-tracker/services/firebasedataconnect.googleapis.com [none]
[debug] [2026-01-18T21:08:38.903Z] >>> [apiv2][(partial)header] GET https://serviceusage.googleapis.com/v1/projects/areuwfo-tracker/services/firebasedataconnect.googleapis.com x-goog-quota-user=projects/areuwfo-tracker
[debug] [2026-01-18T21:08:38.904Z] >>> [apiv2][query] GET https://serviceusage.googleapis.com/v1/projects/areuwfo-tracker/services/cloudfunctions.googleapis.com [none]
[debug] [2026-01-18T21:08:38.904Z] >>> [apiv2][(partial)header] GET https://serviceusage.googleapis.com/v1/projects/areuwfo-tracker/services/cloudfunctions.googleapis.com x-goog-quota-user=projects/areuwfo-tracker
[debug] [2026-01-18T21:08:38.905Z] >>> [apiv2][query] GET https://serviceusage.googleapis.com/v1/projects/areuwfo-tracker/services/firebaseapphosting.googleapis.com [none]
[debug] [2026-01-18T21:08:38.905Z] >>> [apiv2][(partial)header] GET https://serviceusage.googleapis.com/v1/projects/areuwfo-tracker/services/firebaseapphosting.googleapis.com x-goog-quota-user=projects/areuwfo-tracker
[debug] [2026-01-18T21:08:38.906Z] >>> [apiv2][query] GET https://serviceusage.googleapis.com/v1/projects/areuwfo-tracker/services/firebaseio.com [none]
[debug] [2026-01-18T21:08:38.906Z] >>> [apiv2][(partial)header] GET https://serviceusage.googleapis.com/v1/projects/areuwfo-tracker/services/firebaseio.com x-goog-quota-user=projects/areuwfo-tracker
[debug] [2026-01-18T21:08:39.834Z] <<< [apiv2][status] GET https://serviceusage.googleapis.com/v1/projects/areuwfo-tracker/services/firebasedataconnect.googleapis.com 200
[debug] [2026-01-18T21:08:39.834Z] <<< [apiv2][body] GET https://serviceusage.googleapis.com/v1/projects/areuwfo-tracker/services/firebasedataconnect.googleapis.com [omitted]
[debug] [2026-01-18T21:08:39.838Z] <<< [apiv2][status] GET https://serviceusage.googleapis.com/v1/projects/areuwfo-tracker/services/firebaseio.com 403
[debug] [2026-01-18T21:08:39.838Z] <<< [apiv2][body] GET https://serviceusage.googleapis.com/v1/projects/areuwfo-tracker/services/firebaseio.com [omitted]
[debug] [2026-01-18T21:08:39.846Z] <<< [apiv2][status] GET https://serviceusage.googleapis.com/v1/projects/areuwfo-tracker/services/firebaseapphosting.googleapis.com 200
[debug] [2026-01-18T21:08:39.846Z] <<< [apiv2][body] GET https://serviceusage.googleapis.com/v1/projects/areuwfo-tracker/services/firebaseapphosting.googleapis.com [omitted]
[debug] [2026-01-18T21:08:39.854Z] <<< [apiv2][status] GET https://serviceusage.googleapis.com/v1/projects/areuwfo-tracker/services/cloudfunctions.googleapis.com 200
[debug] [2026-01-18T21:08:39.854Z] <<< [apiv2][body] GET https://serviceusage.googleapis.com/v1/projects/areuwfo-tracker/services/cloudfunctions.googleapis.com [omitted]
[debug] [2026-01-18T21:08:39.877Z] <<< [apiv2][status] GET https://serviceusage.googleapis.com/v1/projects/areuwfo-tracker/services/firebaseio.com 403
[debug] [2026-01-18T21:08:39.877Z] <<< [apiv2][body] GET https://serviceusage.googleapis.com/v1/projects/areuwfo-tracker/services/firebaseio.com [omitted]
[debug] [2026-01-18T21:08:39.900Z] <<< [apiv2][status] GET https://serviceusage.googleapis.com/v1/projects/areuwfo-tracker/services/firestore.googleapis.com 200
[debug] [2026-01-18T21:08:39.900Z] <<< [apiv2][body] GET https://serviceusage.googleapis.com/v1/projects/areuwfo-tracker/services/firestore.googleapis.com [omitted]
[debug] [2026-01-18T21:08:39.901Z] Object "" in "firebase.json" has unknown property: {"additionalProperty":"flutter"}
[error] Failed to fetch Firebase Project from Studio Workspace because WORKSPACE_SLUG environment variable is empty
[debug] [2026-01-18T21:08:39.902Z] Object "" in "firebase.json" has unknown property: {"additionalProperty":"flutter"}
[error] Failed to fetch Firebase Project from Studio Workspace because WORKSPACE_SLUG environment variable is empty
[debug] [2026-01-18T21:08:39.902Z] Object "" in "firebase.json" has unknown property: {"additionalProperty":"flutter"}
[error] Failed to fetch Firebase Project from Studio Workspace because WORKSPACE_SLUG environment variable is empty
[debug] [2026-01-18T21:08:39.902Z] > command requires scopes: ["email","openid","https://www.googleapis.com/auth/cloudplatformprojects.readonly","https://www.googleapis.com/auth/firebase","https://www.googleapis.com/auth/cloud-platform","https://www.googleapis.com/auth/userinfo.email"]
[debug] [2026-01-18T21:08:39.903Z] > authorizing via signed-in user (sharathsd63@gmail.com)
[debug] [2026-01-18T21:08:39.903Z] No OAuth tokens found
[debug] [2026-01-18T21:08:39.903Z] >>> [apiv2][query] GET https://cloudbilling.googleapis.com/v1/projects/areuwfo-tracker/billingInfo [none]
[debug] [2026-01-18T21:08:39.919Z] <<< [apiv2][status] GET https://serviceusage.googleapis.com/v1/projects/areuwfo-tracker/services/firebaseapphosting.googleapis.com 200
[debug] [2026-01-18T21:08:39.919Z] <<< [apiv2][body] GET https://serviceusage.googleapis.com/v1/projects/areuwfo-tracker/services/firebaseapphosting.googleapis.com [omitted]
[debug] [2026-01-18T21:08:39.923Z] <<< [apiv2][status] GET https://serviceusage.googleapis.com/v1/projects/areuwfo-tracker/services/firebasedataconnect.googleapis.com 200
[debug] [2026-01-18T21:08:39.923Z] <<< [apiv2][body] GET https://serviceusage.googleapis.com/v1/projects/areuwfo-tracker/services/firebasedataconnect.googleapis.com [omitted]
[debug] [2026-01-18T21:08:39.967Z] <<< [apiv2][status] GET https://serviceusage.googleapis.com/v1/projects/areuwfo-tracker/services/firestore.googleapis.com 200
[debug] [2026-01-18T21:08:39.967Z] <<< [apiv2][body] GET https://serviceusage.googleapis.com/v1/projects/areuwfo-tracker/services/firestore.googleapis.com [omitted]
[debug] [2026-01-18T21:08:39.969Z] <<< [apiv2][status] GET https://serviceusage.googleapis.com/v1/projects/areuwfo-tracker/services/cloudfunctions.googleapis.com 200
[debug] [2026-01-18T21:08:39.969Z] <<< [apiv2][body] GET https://serviceusage.googleapis.com/v1/projects/areuwfo-tracker/services/cloudfunctions.googleapis.com [omitted]
[debug] [2026-01-18T21:08:40.152Z] <<< [apiv2][status] GET https://cloudbilling.googleapis.com/v1/projects/areuwfo-tracker/billingInfo 200
[debug] [2026-01-18T21:08:40.152Z] <<< [apiv2][body] GET https://cloudbilling.googleapis.com/v1/projects/areuwfo-tracker/billingInfo {"name":"projects/areuwfo-tracker/billingInfo","projectId":"areuwfo-tracker","billingAccountName":"","billingEnabled":false}
[debug] [2026-01-18T21:08:40.152Z] Object "" in "firebase.json" has unknown property: {"additionalProperty":"flutter"}
[debug] [2026-01-18T21:08:40.308Z] Object "" in "firebase.json" has unknown property: {"additionalProperty":"flutter"}
[error] Failed to fetch Firebase Project from Studio Workspace because WORKSPACE_SLUG environment variable is empty
[debug] [2026-01-18T21:08:40.309Z] > command requires scopes: ["email","openid","https://www.googleapis.com/auth/cloudplatformprojects.readonly","https://www.googleapis.com/auth/firebase","https://www.googleapis.com/auth/cloud-platform","https://www.googleapis.com/auth/userinfo.email"]
[debug] [2026-01-18T21:08:40.309Z] > authorizing via signed-in user (sharathsd63@gmail.com)
[debug] [2026-01-18T21:08:40.315Z] Object "" in "firebase.json" has unknown property: {"additionalProperty":"flutter"}
[error] Failed to fetch Firebase Project from Studio Workspace because WORKSPACE_SLUG environment variable is empty
[debug] [2026-01-18T21:08:40.316Z] Object "" in "firebase.json" has unknown property: {"additionalProperty":"flutter"}
[error] Failed to fetch Firebase Project from Studio Workspace because WORKSPACE_SLUG environment variable is empty
[debug] [2026-01-18T21:08:40.317Z] Object "" in "firebase.json" has unknown property: {"additionalProperty":"flutter"}
[error] Failed to fetch Firebase Project from Studio Workspace because WORKSPACE_SLUG environment variable is empty
[debug] [2026-01-18T21:08:40.317Z] > command requires scopes: ["email","openid","https://www.googleapis.com/auth/cloudplatformprojects.readonly","https://www.googleapis.com/auth/firebase","https://www.googleapis.com/auth/cloud-platform","https://www.googleapis.com/auth/userinfo.email"]
[debug] [2026-01-18T21:08:40.317Z] > authorizing via signed-in user (sharathsd63@gmail.com)
[debug] [2026-01-18T21:08:40.318Z] No OAuth tokens found
[debug] [2026-01-18T21:08:40.318Z] >>> [apiv2][query] GET https://cloudbilling.googleapis.com/v1/projects/areuwfo-tracker/billingInfo [none]
[debug] [2026-01-18T21:08:40.320Z] Object "" in "firebase.json" has unknown property: {"additionalProperty":"flutter"}
[error] Failed to fetch Firebase Project from Studio Workspace because WORKSPACE_SLUG environment variable is empty
[debug] [2026-01-18T21:08:40.320Z] Object "" in "firebase.json" has unknown property: {"additionalProperty":"flutter"}
[error] Failed to fetch Firebase Project from Studio Workspace because WORKSPACE_SLUG environment variable is empty
[debug] [2026-01-18T21:08:40.321Z] Object "" in "firebase.json" has unknown property: {"additionalProperty":"flutter"}
[error] Failed to fetch Firebase Project from Studio Workspace because WORKSPACE_SLUG environment variable is empty
[debug] [2026-01-18T21:08:40.321Z] > command requires scopes: ["email","openid","https://www.googleapis.com/auth/cloudplatformprojects.readonly","https://www.googleapis.com/auth/firebase","https://www.googleapis.com/auth/cloud-platform","https://www.googleapis.com/auth/userinfo.email"]
[debug] [2026-01-18T21:08:40.322Z] > authorizing via signed-in user (sharathsd63@gmail.com)
[debug] [2026-01-18T21:08:40.322Z] No OAuth tokens found
[debug] [2026-01-18T21:08:40.322Z] >>> [apiv2][query] GET https://cloudbilling.googleapis.com/v1/projects/areuwfo-tracker/billingInfo [none]
[debug] [2026-01-18T21:08:40.549Z] <<< [apiv2][status] GET https://cloudbilling.googleapis.com/v1/projects/areuwfo-tracker/billingInfo 200
[debug] [2026-01-18T21:08:40.549Z] <<< [apiv2][body] GET https://cloudbilling.googleapis.com/v1/projects/areuwfo-tracker/billingInfo {"name":"projects/areuwfo-tracker/billingInfo","projectId":"areuwfo-tracker","billingAccountName":"","billingEnabled":false}
[debug] [2026-01-18T21:08:40.550Z] Object "" in "firebase.json" has unknown property: {"additionalProperty":"flutter"}
[debug] [2026-01-18T21:08:40.570Z] Object "" in "firebase.json" has unknown property: {"additionalProperty":"flutter"}
[error] Failed to fetch Firebase Project from Studio Workspace because WORKSPACE_SLUG environment variable is empty
[debug] [2026-01-18T21:08:40.571Z] > command requires scopes: ["email","openid","https://www.googleapis.com/auth/cloudplatformprojects.readonly","https://www.googleapis.com/auth/firebase","https://www.googleapis.com/auth/cloud-platform","https://www.googleapis.com/auth/userinfo.email"]
[debug] [2026-01-18T21:08:40.571Z] > authorizing via signed-in user (sharathsd63@gmail.com)
[debug] [2026-01-18T21:08:40.719Z] <<< [apiv2][status] GET https://cloudbilling.googleapis.com/v1/projects/areuwfo-tracker/billingInfo 200
[debug] [2026-01-18T21:08:40.719Z] <<< [apiv2][body] GET https://cloudbilling.googleapis.com/v1/projects/areuwfo-tracker/billingInfo {"name":"projects/areuwfo-tracker/billingInfo","projectId":"areuwfo-tracker","billingAccountName":"","billingEnabled":false}
[debug] [2026-01-18T21:08:40.719Z] Object "" in "firebase.json" has unknown property: {"additionalProperty":"flutter"}
[debug] [2026-01-18T21:08:40.849Z] Object "" in "firebase.json" has unknown property: {"additionalProperty":"flutter"}
[error] Failed to fetch Firebase Project from Studio Workspace because WORKSPACE_SLUG environment variable is empty
[debug] [2026-01-18T21:08:40.850Z] > command requires scopes: ["email","openid","https://www.googleapis.com/auth/cloudplatformprojects.readonly","https://www.googleapis.com/auth/firebase","https://www.googleapis.com/auth/cloud-platform","https://www.googleapis.com/auth/userinfo.email"]
[debug] [2026-01-18T21:08:40.850Z] > authorizing via signed-in user (sharathsd63@gmail.com)
